relative_path,filename,modality_id,vocal_channel_id,emotion_id,emotion,intensity_id,intensity,statement_id,repetition_id,actor_id,gender,split,sample_rate,channels,subtype,frames,duration_seconds
ml/data/raw/ravdess/extracted/Actor_01/03-01-01-01-01-01-01.wav,03-01-01-01-01-01-01.wav,03,01,01,neutral,01,normal,01,01,01,male,train,48000,1,PCM_16,158558,3.303292
ml/data/raw/ravdess/extracted/Actor_01/03-01-01-01-01-02-01.wav,03-01-01-01-01-02-01.wav,03,01,01,neutral,01,normal,01,02,01,male,train,48000,1,PCM_16,160160,3.336667
ml/data/raw/ravdess/extracted/Actor_01/03-01-01-01-02-01-01.wav,03-01-01-01-02-01-01.wav,03,01,01,neutral,01,normal,02,01,01,male,train,48000,1,PCM_16,156956,3.269917
ml/data/raw/ravdess/extracted/Actor_01/03-01-01-01-02-02-01.wav,03-01-01-01-02-02-01.wav,03,01,01,neutral,01,normal,02,02,01,male,train,48000,1,PCM_16,152152,3.169833
ml/data/raw/ravdess/extracted/Actor_01/03-01-02-01-01-01-01.wav,03-01-02-01-01-01-01.wav,03,01,02,calm,01,normal,01,01,01,male,train,48000,1,PCM_16,169769,3.536854
ml/data/raw/ravdess/extracted/Actor_01/03-01-02-01-01-02-01.wav,03-01-02-01-01-02-01.wav,03,01,02,calm,01,normal,01,02,01,male,train,48000,2,PCM_16,172972,3.603583
ml/data/raw/ravdess/extracted/Actor_01/03-01-02-01-02-01-01.wav,03-01-02-01-02-01-01.wav,03,01,02,calm,01,normal,02,01,01,male,train,48000,1,PCM_16,168168,3.503500
ml/data/raw/ravdess/extracted/Actor_01/03-01-02-01-02-02-01.wav,03-01-02-01-02-02-01.wav,03,01,02,calm,01,normal,02,02,01,male,train,48000,1,PCM_16,166567,3.470146
ml/data/raw/ravdess/extracted/Actor_01/03-01-02-02-01-01-01.wav,03-01-02-02-01-01-01.wav,03,01,02,calm,02,strong,01,01,01,male,train,48000,1,PCM_16,177778,3.703708
ml/data/raw/ravdess/extracted/Actor_01/03-01-02-02-01-02-01.wav,03-01-02-02-01-02-01.wav,03,01,02,calm,02,strong,01,02,01,male,train,48000,1,PCM_16,192192,4.004000
ml/data/raw/ravdess/extracted/Actor_01/03-01-02-02-02-01-01.wav,03-01-02-02-02-01-01.wav,03,01,02,calm,02,strong,02,01,01,male,train,48000,1,PCM_16,201802,4.204208
ml/data/raw/ravdess/extracted/Actor_01/03-01-02-02-02-02-01.wav,03-01-02-02-02-02-01.wav,03,01,02,calm,02,strong,02,02,01,male,train,48000,1,PCM_16,192192,4.004000
ml/data/raw/ravdess/extracted/Actor_01/03-01-03-01-01-01-01.wav,03-01-03-01-01-01-01.wav,03,01,03,happy,01,normal,01,01,01,male,train,48000,1,PCM_16,166567,3.470146
ml/data/raw/ravdess/extracted/Actor_01/03-01-03-01-01-02-01.wav,03-01-03-01-01-02-01.wav,03,01,03,happy,01,normal,01,02,01,male,train,48000,1,PCM_16,166566,3.470125
ml/data/raw/ravdess/extracted/Actor_01/03-01-03-01-02-01-01.wav,03-01-03-01-02-01-01.wav,03,01,03,happy,01,normal,02,01,01,male,train,48000,1,PCM_16,169769,3.536854
ml/data/raw/ravdess/extracted/Actor_01/03-01-03-01-02-02-01.wav,03-01-03-01-02-02-01.wav,03,01,03,happy,01,normal,02,02,01,male,train,48000,1,PCM_16,177778,3.703708
ml/data/raw/ravdess/extracted/Actor_01/03-01-03-02-01-01-01.wav,03-01-03-02-01-01-01.wav,03,01,03,happy,02,strong,01,01,01,male,train,48000,1,PCM_16,176176,3.670333
ml/data/raw/ravdess/extracted/Actor_01/03-01-03-02-01-02-01.wav,03-01-03-02-01-02-01.wav,03,01,03,happy,02,strong,01,02,01,male,train,48000,1,PCM_16,174574,3.636958
ml/data/raw/ravdess/extracted/Actor_01/03-01-03-02-02-01-01.wav,03-01-03-02-02-01-01.wav,03,01,03,happy,02,strong,02,01,01,male,train,48000,1,PCM_16,188988,3.937250
ml/data/raw/ravdess/extracted/Actor_01/03-01-03-02-02-02-01.wav,03-01-03-02-02-02-01.wav,03,01,03,happy,02,strong,02,02,01,male,train,48000,1,PCM_16,188989,3.937271
ml/data/raw/ravdess/extracted/Actor_01/03-01-04-01-01-01-01.wav,03-01-04-01-01-01-01.wav,03,01,04,sad,01,normal,01,01,01,male,train,48000,1,PCM_16,184184,3.837167
ml/data/raw/ravdess/extracted/Actor_01/03-01-04-01-01-02-01.wav,03-01-04-01-01-02-01.wav,03,01,04,sad,01,normal,01,02,01,male,train,48000,1,PCM_16,171371,3.570229
ml/data/raw/ravdess/extracted/Actor_01/03-01-04-01-02-01-01.wav,03-01-04-01-02-01-01.wav,03,01,04,sad,01,normal,02,01,01,male,train,48000,1,PCM_16,168168,3.503500
ml/data/raw/ravdess/extracted/Actor_01/03-01-04-01-02-02-01.wav,03-01-04-01-02-02-01.wav,03,01,04,sad,01,normal,02,02,01,male,train,48000,1,PCM_16,161762,3.370042
ml/data/raw/ravdess/extracted/Actor_01/03-01-04-02-01-01-01.wav,03-01-04-02-01-01-01.wav,03,01,04,sad,02,strong,01,01,01,male,train,48000,1,PCM_16,182582,3.803792
ml/data/raw/ravdess/extracted/Actor_01/03-01-04-02-01-02-01.wav,03-01-04-02-01-02-01.wav,03,01,04,sad,02,strong,01,02,01,male,train,48000,1,PCM_16,177778,3.703708
ml/data/raw/ravdess/extracted/Actor_01/03-01-04-02-02-01-01.wav,03-01-04-02-02-01-01.wav,03,01,04,sad,02,strong,02,01,01,male,train,48000,1,PCM_16,179380,3.737083
ml/data/raw/ravdess/extracted/Actor_01/03-01-04-02-02-02-01.wav,03-01-04-02-02-02-01.wav,03,01,04,sad,02,strong,02,02,01,male,train,48000,1,PCM_16,179379,3.737062
ml/data/raw/ravdess/extracted/Actor_01/03-01-05-01-01-01-01.wav,03-01-05-01-01-01-01.wav,03,01,05,angry,01,normal,01,01,01,male,train,48000,1,PCM_16,185786,3.870542
ml/data/raw/ravdess/extracted/Actor_01/03-01-05-01-01-02-01.wav,03-01-05-01-01-02-01.wav,03,01,05,angry,01,normal,01,02,01,male,train,48000,1,PCM_16,188989,3.937271
ml/data/raw/ravdess/extracted/Actor_01/03-01-05-01-02-01-01.wav,03-01-05-01-02-01-01.wav,03,01,05,angry,01,normal,02,01,01,male,train,48000,1,PCM_16,168168,3.503500
ml/data/raw/ravdess/extracted/Actor_01/03-01-05-01-02-02-01.wav,03-01-05-01-02-02-01.wav,03,01,05,angry,01,normal,02,02,01,male,train,48000,1,PCM_16,179379,3.737062
ml/data/raw/ravdess/extracted/Actor_01/03-01-05-02-01-01-01.wav,03-01-05-02-01-01-01.wav,03,01,05,angry,02,strong,01,01,01,male,train,48000,1,PCM_16,196997,4.104104
ml/data/raw/ravdess/extracted/Actor_01/03-01-05-02-01-02-01.wav,03-01-05-02-01-02-01.wav,03,01,05,angry,02,strong,01,02,01,male,train,48000,1,PCM_16,209810,4.371042
ml/data/raw/ravdess/extracted/Actor_01/03-01-05-02-02-01-01.wav,03-01-05-02-02-01-01.wav,03,01,05,angry,02,strong,02,01,01,male,train,48000,1,PCM_16,198598,4.137458
ml/data/raw/ravdess/extracted/Actor_01/03-01-05-02-02-02-01.wav,03-01-05-02-02-02-01.wav,03,01,05,angry,02,strong,02,02,01,male,train,48000,1,PCM_16,213013,4.437771
ml/data/raw/ravdess/extracted/Actor_01/03-01-06-01-01-01-01.wav,03-01-06-01-01-01-01.wav,03,01,06,fearful,01,normal,01,01,01,male,train,48000,1,PCM_16,176176,3.670333
ml/data/raw/ravdess/extracted/Actor_01/03-01-06-01-01-02-01.wav,03-01-06-01-01-02-01.wav,03,01,06,fearful,01,normal,01,02,01,male,train,48000,1,PCM_16,174575,3.636979
ml/data/raw/ravdess/extracted/Actor_01/03-01-06-01-02-01-01.wav,03-01-06-01-02-01-01.wav,03,01,06,fearful,01,normal,02,01,01,male,train,48000,1,PCM_16,164965,3.436771
ml/data/raw/ravdess/extracted/Actor_01/03-01-06-01-02-02-01.wav,03-01-06-01-02-02-01.wav,03,01,06,fearful,01,normal,02,02,01,male,train,48000,1,PCM_16,177777,3.703688
ml/data/raw/ravdess/extracted/Actor_01/03-01-06-02-01-01-01.wav,03-01-06-02-01-01-01.wav,03,01,06,fearful,02,strong,01,01,01,male,train,48000,1,PCM_16,240240,5.005000
ml/data/raw/ravdess/extracted/Actor_01/03-01-06-02-01-02-01.wav,03-01-06-02-01-02-01.wav,03,01,06,fearful,02,strong,01,02,01,male,train,48000,1,PCM_16,203403,4.237563
ml/data/raw/ravdess/extracted/Actor_01/03-01-06-02-02-01-01.wav,03-01-06-02-02-01-01.wav,03,01,06,fearful,02,strong,02,01,01,male,train,48000,1,PCM_16,190590,3.970625
ml/data/raw/ravdess/extracted/Actor_01/03-01-06-02-02-02-01.wav,03-01-06-02-02-02-01.wav,03,01,06,fearful,02,strong,02,02,01,male,train,48000,1,PCM_16,187388,3.903917
ml/data/raw/ravdess/extracted/Actor_01/03-01-07-01-01-01-01.wav,03-01-07-01-01-01-01.wav,03,01,07,disgust,01,normal,01,01,01,male,train,48000,1,PCM_16,185785,3.870521
ml/data/raw/ravdess/extracted/Actor_01/03-01-07-01-01-02-01.wav,03-01-07-01-01-02-01.wav,03,01,07,disgust,01,normal,01,02,01,male,train,48000,1,PCM_16,187387,3.903896
ml/data/raw/ravdess/extracted/Actor_01/03-01-07-01-02-01-01.wav,03-01-07-01-02-01-01.wav,03,01,07,disgust,01,normal,02,01,01,male,train,48000,1,PCM_16,187387,3.903896
ml/data/raw/ravdess/extracted/Actor_01/03-01-07-01-02-02-01.wav,03-01-07-01-02-02-01.wav,03,01,07,disgust,01,normal,02,02,01,male,train,48000,1,PCM_16,184184,3.837167
ml/data/raw/ravdess/extracted/Actor_01/03-01-07-02-01-01-01.wav,03-01-07-02-01-01-01.wav,03,01,07,disgust,02,strong,01,01,01,male,train,48000,1,PCM_16,206606,4.304292
ml/data/raw/ravdess/extracted/Actor_01/03-01-07-02-01-02-01.wav,03-01-07-02-01-02-01.wav,03,01,07,disgust,02,strong,01,02,01,male,train,48000,1,PCM_16,196997,4.104104
ml/data/raw/ravdess/extracted/Actor_01/03-01-07-02-02-01-01.wav,03-01-07-02-02-01-01.wav,03,01,07,disgust,02,strong,02,01,01,male,train,48000,1,PCM_16,193794,4.037375
ml/data/raw/ravdess/extracted/Actor_01/03-01-07-02-02-02-01.wav,03-01-07-02-02-02-01.wav,03,01,07,disgust,02,strong,02,02,01,male,train,48000,1,PCM_16,209809,4.371021
ml/data/raw/ravdess/extracted/Actor_01/03-01-08-01-01-01-01.wav,03-01-08-01-01-01-01.wav,03,01,08,surprised,01,normal,01,01,01,male,train,48000,1,PCM_16,163363,3.403396
ml/data/raw/ravdess/extracted/Actor_01/03-01-08-01-01-02-01.wav,03-01-08-01-01-02-01.wav,03,01,08,surprised,01,normal,01,02,01,male,train,48000,1,PCM_16,156956,3.269917
ml/data/raw/ravdess/extracted/Actor_01/03-01-08-01-02-01-01.wav,03-01-08-01-02-01-01.wav,03,01,08,surprised,01,normal,02,01,01,male,train,48000,1,PCM_16,169770,3.536875
ml/data/raw/ravdess/extracted/Actor_01/03-01-08-01-02-02-01.wav,03-01-08-01-02-02-01.wav,03,01,08,surprised,01,normal,02,02,01,male,train,48000,2,PCM_16,156956,3.269917
ml/data/raw/ravdess/extracted/Actor_01/03-01-08-02-01-01-01.wav,03-01-08-02-01-01-01.wav,03,01,08,surprised,02,strong,01,01,01,male,train,48000,1,PCM_16,164964,3.436750
ml/data/raw/ravdess/extracted/Actor_01/03-01-08-02-01-02-01.wav,03-01-08-02-01-02-01.wav,03,01,08,surprised,02,strong,01,02,01,male,train,48000,1,PCM_16,171371,3.570229
ml/data/raw/ravdess/extracted/Actor_01/03-01-08-02-02-01-01.wav,03-01-08-02-02-01-01.wav,03,01,08,surprised,02,strong,02,01,01,male,train,48000,1,PCM_16,168168,3.503500
ml/data/raw/ravdess/extracted/Actor_01/03-01-08-02-02-02-01.wav,03-01-08-02-02-02-01.wav,03,01,08,surprised,02,strong,02,02,01,male,train,48000,1,PCM_16,156957,3.269938
ml/data/raw/ravdess/extracted/Actor_02/03-01-01-01-01-01-02.wav,03-01-01-01-01-01-02.wav,03,01,01,neutral,01,normal,01,01,02,female,train,48000,1,PCM_16,174574,3.636958
ml/data/raw/ravdess/extracted/Actor_02/03-01-01-01-01-02-02.wav,03-01-01-01-01-02-02.wav,03,01,01,neutral,01,normal,01,02,02,female,train,48000,1,PCM_16,172973,3.603604
ml/data/raw/ravdess/extracted/Actor_02/03-01-01-01-02-01-02.wav,03-01-01-01-02-01-02.wav,03,01,01,neutral,01,normal,02,01,02,female,train,48000,1,PCM_16,180980,3.770417
ml/data/raw/ravdess/extracted/Actor_02/03-01-01-01-02-02-02.wav,03-01-01-01-02-02-02.wav,03,01,01,neutral,01,normal,02,02,02,female,train,48000,1,PCM_16,172972,3.603583
ml/data/raw/ravdess/extracted/Actor_02/03-01-02-01-01-01-02.wav,03-01-02-01-01-01-02.wav,03,01,02,calm,01,normal,01,01,02,female,train,48000,1,PCM_16,184184,3.837167
ml/data/raw/ravdess/extracted/Actor_02/03-01-02-01-01-02-02.wav,03-01-02-01-01-02-02.wav,03,01,02,calm,01,normal,01,02,02,female,train,48000,1,PCM_16,192192,4.004000
ml/data/raw/ravdess/extracted/Actor_02/03-01-02-01-02-01-02.wav,03-01-02-01-02-01-02.wav,03,01,02,calm,01,normal,02,01,02,female,train,48000,1,PCM_16,184184,3.837167
ml/data/raw/ravdess/extracted/Actor_02/03-01-02-01-02-02-02.wav,03-01-02-01-02-02-02.wav,03,01,02,calm,01,normal,02,02,02,female,train,48000,1,PCM_16,190590,3.970625
ml/data/raw/ravdess/extracted/Actor_02/03-01-02-02-01-01-02.wav,03-01-02-02-01-01-02.wav,03,01,02,calm,02,strong,01,01,02,female,train,48000,1,PCM_16,198599,4.137479
ml/data/raw/ravdess/extracted/Actor_02/03-01-02-02-01-02-02.wav,03-01-02-02-01-02-02.wav,03,01,02,calm,02,strong,01,02,02,female,train,48000,1,PCM_16,193794,4.037375
ml/data/raw/ravdess/extracted/Actor_02/03-01-02-02-02-01-02.wav,03-01-02-02-02-01-02.wav,03,01,02,calm,02,strong,02,01,02,female,train,48000,1,PCM_16,196997,4.104104
ml/data/raw/ravdess/extracted/Actor_02/03-01-02-02-02-02-02.wav,03-01-02-02-02-02-02.wav,03,01,02,calm,02,strong,02,02,02,female,train,48000,1,PCM_16,196997,4.104104
ml/data/raw/ravdess/extracted/Actor_02/03-01-03-01-01-01-02.wav,03-01-03-01-01-01-02.wav,03,01,03,happy,01,normal,01,01,02,female,train,48000,1,PCM_16,172973,3.603604
ml/data/raw/ravdess/extracted/Actor_02/03-01-03-01-01-02-02.wav,03-01-03-01-01-02-02.wav,03,01,03,happy,01,normal,01,02,02,female,train,48000,1,PCM_16,177777,3.703688
ml/data/raw/ravdess/extracted/Actor_02/03-01-03-01-02-01-02.wav,03-01-03-01-02-01-02.wav,03,01,03,happy,01,normal,02,01,02,female,train,48000,1,PCM_16,180981,3.770437
ml/data/raw/ravdess/extracted/Actor_02/03-01-03-01-02-02-02.wav,03-01-03-01-02-02-02.wav,03,01,03,happy,01,normal,02,02,02,female,train,48000,1,PCM_16,179380,3.737083
ml/data/raw/ravdess/extracted/Actor_02/03-01-03-02-01-01-02.wav,03-01-03-02-01-01-02.wav,03,01,03,happy,02,strong,01,01,02,female,train,48000,1,PCM_16,177778,3.703708
ml/data/raw/ravdess/extracted/Actor_02/03-01-03-02-01-02-02.wav,03-01-03-02-01-02-02.wav,03,01,03,happy,02,strong,01,02,02,female,train,48000,1,PCM_16,176176,3.670333
ml/data/raw/ravdess/extracted/Actor_02/03-01-03-02-02-01-02.wav,03-01-03-02-02-01-02.wav,03,01,03,happy,02,strong,02,01,02,female,train,48000,1,PCM_16,177778,3.703708
ml/data/raw/ravdess/extracted/Actor_02/03-01-03-02-02-02-02.wav,03-01-03-02-02-02-02.wav,03,01,03,happy,02,strong,02,02,02,female,train,48000,1,PCM_16,185785,3.870521
ml/data/raw/ravdess/extracted/Actor_02/03-01-04-01-01-01-02.wav,03-01-04-01-01-01-02.wav,03,01,04,sad,01,normal,01,01,02,female,train,48000,1,PCM_16,184184,3.837167
ml/data/raw/ravdess/extracted/Actor_02/03-01-04-01-01-02-02.wav,03-01-04-01-01-02-02.wav,03,01,04,sad,01,normal,01,02,02,female,train,48000,1,PCM_16,180981,3.770437
ml/data/raw/ravdess/extracted/Actor_02/03-01-04-01-02-01-02.wav,03-01-04-01-02-01-02.wav,03,01,04,sad,01,normal,02,01,02,female,train,48000,1,PCM_16,179379,3.737062
ml/data/raw/ravdess/extracted/Actor_02/03-01-04-01-02-02-02.wav,03-01-04-01-02-02-02.wav,03,01,04,sad,01,normal,02,02,02,female,train,48000,1,PCM_16,180981,3.770437
ml/data/raw/ravdess/extracted/Actor_02/03-01-04-02-01-01-02.wav,03-01-04-02-01-01-02.wav,03,01,04,sad,02,strong,01,01,02,female,train,48000,1,PCM_16,179380,3.737083
ml/data/raw/ravdess/extracted/Actor_02/03-01-04-02-01-02-02.wav,03-01-04-02-01-02-02.wav,03,01,04,sad,02,strong,01,02,02,female,train,48000,1,PCM_16,180980,3.770417
ml/data/raw/ravdess/extracted/Actor_02/03-01-04-02-02-01-02.wav,03-01-04-02-02-01-02.wav,03,01,04,sad,02,strong,02,01,02,female,train,48000,1,PCM_16,177777,3.703688
ml/data/raw/ravdess/extracted/Actor_02/03-01-04-02-02-02-02.wav,03-01-04-02-02-02-02.wav,03,01,04,sad,02,strong,02,02,02,female,train,48000,1,PCM_16,176176,3.670333
ml/data/raw/ravdess/extracted/Actor_02/03-01-05-01-01-01-02.wav,03-01-05-01-01-01-02.wav,03,01,05,angry,01,normal,01,01,02,female,train,48000,1,PCM_16,176176,3.670333
ml/data/raw/ravdess/extracted/Actor_02/03-01-05-01-01-02-02.wav,03-01-05-01-01-02-02.wav,03,01,05,angry,01,normal,01,02,02,female,train,48000,1,PCM_16,176176,3.670333
ml/data/raw/ravdess/extracted/Actor_02/03-01-05-01-02-01-02.wav,03-01-05-01-02-01-02.wav,03,01,05,angry,01,normal,02,01,02,female,train,48000,1,PCM_16,180980,3.770417
ml/data/raw/ravdess/extracted/Actor_02/03-01-05-01-02-02-02.wav,03-01-05-01-02-02-02.wav,03,01,05,angry,01,normal,02,02,02,female,train,48000,1,PCM_16,182582,3.803792
ml/data/raw/ravdess/extracted/Actor_02/03-01-05-02-01-01-02.wav,03-01-05-02-01-01-02.wav,03,01,05,angry,02,strong,01,01,02,female,train,48000,1,PCM_16,187388,3.903917
ml/data/raw/ravdess/extracted/Actor_02/03-01-05-02-01-02-02.wav,03-01-05-02-01-02-02.wav,03,01,05,angry,02,strong,01,02,02,female,train,48000,1,PCM_16,192192,4.004000
ml/data/raw/ravdess/extracted/Actor_02/03-01-05-02-02-01-02.wav,03-01-05-02-02-01-02.wav,03,01,05,angry,02,strong,02,01,02,female,train,48000,1,PCM_16,192192,4.004000
ml/data/raw/ravdess/extracted/Actor_02/03-01-05-02-02-02-02.wav,03-01-05-02-02-02-02.wav,03,01,05,angry,02,strong,02,02,02,female,train,48000,1,PCM_16,192192,4.004000
ml/data/raw/ravdess/extracted/Actor_02/03-01-06-01-01-01-02.wav,03-01-06-01-01-01-02.wav,03,01,06,fearful,01,normal,01,01,02,female,train,48000,1,PCM_16,174575,3.636979
ml/data/raw/ravdess/extracted/Actor_02/03-01-06-01-01-02-02.wav,03-01-06-01-01-02-02.wav,03,01,06,fearful,01,normal,01,02,02,female,train,48000,1,PCM_16,179379,3.737062
ml/data/raw/ravdess/extracted/Actor_02/03-01-06-01-02-01-02.wav,03-01-06-01-02-01-02.wav,03,01,06,fearful,01,normal,02,01,02,female,train,48000,1,PCM_16,176176,3.670333
ml/data/raw/ravdess/extracted/Actor_02/03-01-06-01-02-02-02.wav,03-01-06-01-02-02-02.wav,03,01,06,fearful,01,normal,02,02,02,female,train,48000,1,PCM_16,179379,3.737062
ml/data/raw/ravdess/extracted/Actor_02/03-01-06-02-01-01-02.wav,03-01-06-02-01-01-02.wav,03,01,06,fearful,02,strong,01,01,02,female,train,48000,1,PCM_16,182582,3.803792
ml/data/raw/ravdess/extracted/Actor_02/03-01-06-02-01-02-02.wav,03-01-06-02-01-02-02.wav,03,01,06,fearful,02,strong,01,02,02,female,train,48000,1,PCM_16,174575,3.636979
ml/data/raw/ravdess/extracted/Actor_02/03-01-06-02-02-01-02.wav,03-01-06-02-02-01-02.wav,03,01,06,fearful,02,strong,02,01,02,female,train,48000,1,PCM_16,172973,3.603604
ml/data/raw/ravdess/extracted/Actor_02/03-01-06-02-02-02-02.wav,03-01-06-02-02-02-02.wav,03,01,06,fearful,02,strong,02,02,02,female,train,48000,1,PCM_16,172973,3.603604
ml/data/raw/ravdess/extracted/Actor_02/03-01-07-01-01-01-02.wav,03-01-07-01-01-01-02.wav,03,01,07,disgust,01,normal,01,01,02,female,train,48000,1,PCM_16,176176,3.670333
ml/data/raw/ravdess/extracted/Actor_02/03-01-07-01-01-02-02.wav,03-01-07-01-01-02-02.wav,03,01,07,disgust,01,normal,01,02,02,female,train,48000,1,PCM_16,174575,3.636979
ml/data/raw/ravdess/extracted/Actor_02/03-01-07-01-02-01-02.wav,03-01-07-01-02-01-02.wav,03,01,07,disgust,01,normal,02,01,02,female,train,48000,1,PCM_16,185786,3.870542
ml/data/raw/ravdess/extracted/Actor_02/03-01-07-01-02-02-02.wav,03-01-07-01-02-02-02.wav,03,01,07,disgust,01,normal,02,02,02,female,train,48000,1,PCM_16,184184,3.837167
ml/data/raw/ravdess/extracted/Actor_02/03-01-07-02-01-01-02.wav,03-01-07-02-01-01-02.wav,03,01,07,disgust,02,strong,01,01,02,female,train,48000,1,PCM_16,198598,4.137458
ml/data/raw/ravdess/extracted/Actor_02/03-01-07-02-01-02-02.wav,03-01-07-02-01-02-02.wav,03,01,07,disgust,02,strong,01,02,02,female,train,48000,1,PCM_16,198598,4.137458
ml/data/raw/ravdess/extracted/Actor_02/03-01-07-02-02-01-02.wav,03-01-07-02-02-01-02.wav,03,01,07,disgust,02,strong,02,01,02,female,train,48000,1,PCM_16,192192,4.004000
ml/data/raw/ravdess/extracted/Actor_02/03-01-07-02-02-02-02.wav,03-01-07-02-02-02-02.wav,03,01,07,disgust,02,strong,02,02,02,female,train,48000,1,PCM_16,193794,4.037375
ml/data/raw/ravdess/extracted/Actor_02/03-01-08-01-01-01-02.wav,03-01-08-01-01-01-02.wav,03,01,08,surprised,01,normal,01,01,02,female,train,48000,1,PCM_16,169769,3.536854
ml/data/raw/ravdess/extracted/Actor_02/03-01-08-01-01-02-02.wav,03-01-08-01-01-02-02.wav,03,01,08,surprised,01,normal,01,02,02,female,train,48000,1,PCM_16,169769,3.536854
ml/data/raw/ravdess/extracted/Actor_02/03-01-08-01-02-01-02.wav,03-01-08-01-02-01-02.wav,03,01,08,surprised,01,normal,02,01,02,female,train,48000,1,PCM_16,172973,3.603604
ml/data/raw/ravdess/extracted/Actor_02/03-01-08-01-02-02-02.wav,03-01-08-01-02-02-02.wav,03,01,08,surprised,01,normal,02,02,02,female,train,48000,1,PCM_16,169770,3.536875
ml/data/raw/ravdess/extracted/Actor_02/03-01-08-02-01-01-02.wav,03-01-08-02-01-01-02.wav,03,01,08,surprised,02,strong,01,01,02,female,train,48000,1,PCM_16,179379,3.737062
ml/data/raw/ravdess/extracted/Actor_02/03-01-08-02-01-02-02.wav,03-01-08-02-01-02-02.wav,03,01,08,surprised,02,strong,01,02,02,female,train,48000,1,PCM_16,180981,3.770437
ml/data/raw/ravdess/extracted/Actor_02/03-01-08-02-02-01-02.wav,03-01-08-02-02-01-02.wav,03,01,08,surprised,02,strong,02,01,02,female,train,48000,1,PCM_16,179380,3.737083
ml/data/raw/ravdess/extracted/Actor_02/03-01-08-02-02-02-02.wav,03-01-08-02-02-02-02.wav,03,01,08,surprised,02,strong,02,02,02,female,train,48000,1,PCM_16,182583,3.803812
ml/data/raw/ravdess/extracted/Actor_03/03-01-01-01-01-01-03.wav,03-01-01-01-01-01-03.wav,03,01,01,neutral,01,normal,01,01,03,male,train,48000,1,PCM_16,164965,3.436771
ml/data/raw/ravdess/extracted/Actor_03/03-01-01-01-01-02-03.wav,03-01-01-01-01-02-03.wav,03,01,01,neutral,01,normal,01,02,03,male,train,48000,1,PCM_16,168168,3.503500
ml/data/raw/ravdess/extracted/Actor_03/03-01-01-01-02-01-03.wav,03-01-01-01-02-01-03.wav,03,01,01,neutral,01,normal,02,01,03,male,train,48000,1,PCM_16,168168,3.503500
ml/data/raw/ravdess/extracted/Actor_03/03-01-01-01-02-02-03.wav,03-01-01-01-02-02-03.wav,03,01,01,neutral,01,normal,02,02,03,male,train,48000,1,PCM_16,166567,3.470146
ml/data/raw/ravdess/extracted/Actor_03/03-01-02-01-01-01-03.wav,03-01-02-01-01-01-03.wav,03,01,02,calm,01,normal,01,01,03,male,train,48000,1,PCM_16,184184,3.837167
ml/data/raw/ravdess/extracted/Actor_03/03-01-02-01-01-02-03.wav,03-01-02-01-01-02-03.wav,03,01,02,calm,01,normal,01,02,03,male,train,48000,1,PCM_16,179379,3.737062
ml/data/raw/ravdess/extracted/Actor_03/03-01-02-01-02-01-03.wav,03-01-02-01-02-01-03.wav,03,01,02,calm,01,normal,02,01,03,male,train,48000,1,PCM_16,184184,3.837167
ml/data/raw/ravdess/extracted/Actor_03/03-01-02-01-02-02-03.wav,03-01-02-01-02-02-03.wav,03,01,02,calm,01,normal,02,02,03,male,train,48000,1,PCM_16,190590,3.970625
ml/data/raw/ravdess/extracted/Actor_03/03-01-02-02-01-01-03.wav,03-01-02-02-01-01-03.wav,03,01,02,calm,02,strong,01,01,03,male,train,48000,1,PCM_16,193794,4.037375
ml/data/raw/ravdess/extracted/Actor_03/03-01-02-02-01-02-03.wav,03-01-02-02-01-02-03.wav,03,01,02,calm,02,strong,01,02,03,male,train,48000,1,PCM_16,190591,3.970646
ml/data/raw/ravdess/extracted/Actor_03/03-01-02-02-02-01-03.wav,03-01-02-02-02-01-03.wav,03,01,02,calm,02,strong,02,01,03,male,train,48000,1,PCM_16,198598,4.137458
ml/data/raw/ravdess/extracted/Actor_03/03-01-02-02-02-02-03.wav,03-01-02-02-02-02-03.wav,03,01,02,calm,02,strong,02,02,03,male,train,48000,1,PCM_16,192192,4.004000
ml/data/raw/ravdess/extracted/Actor_03/03-01-03-01-01-01-03.wav,03-01-03-01-01-01-03.wav,03,01,03,happy,01,normal,01,01,03,male,train,48000,1,PCM_16,180980,3.770417
ml/data/raw/ravdess/extracted/Actor_03/03-01-03-01-01-02-03.wav,03-01-03-01-01-02-03.wav,03,01,03,happy,01,normal,01,02,03,male,train,48000,1,PCM_16,172972,3.603583
ml/data/raw/ravdess/extracted/Actor_03/03-01-03-01-02-01-03.wav,03-01-03-01-02-01-03.wav,03,01,03,happy,01,normal,02,01,03,male,train,48000,1,PCM_16,168168,3.503500
ml/data/raw/ravdess/extracted/Actor_03/03-01-03-01-02-02-03.wav,03-01-03-01-02-02-03.wav,03,01,03,happy,01,normal,02,02,03,male,train,48000,1,PCM_16,168168,3.503500
ml/data/raw/ravdess/extracted/Actor_03/03-01-03-02-01-01-03.wav,03-01-03-02-01-01-03.wav,03,01,03,happy,02,strong,01,01,03,male,train,48000,1,PCM_16,206607,4.304312
ml/data/raw/ravdess/extracted/Actor_03/03-01-03-02-01-02-03.wav,03-01-03-02-01-02-03.wav,03,01,03,happy,02,strong,01,02,03,male,train,48000,1,PCM_16,211411,4.404396
ml/data/raw/ravdess/extracted/Actor_03/03-01-03-02-02-01-03.wav,03-01-03-02-02-01-03.wav,03,01,03,happy,02,strong,02,01,03,male,train,48000,1,PCM_16,198598,4.137458
ml/data/raw/ravdess/extracted/Actor_03/03-01-03-02-02-02-03.wav,03-01-03-02-02-02-03.wav,03,01,03,happy,02,strong,02,02,03,male,train,48000,1,PCM_16,184184,3.837167
ml/data/raw/ravdess/extracted/Actor_03/03-01-04-01-01-01-03.wav,03-01-04-01-01-01-03.wav,03,01,04,sad,01,normal,01,01,03,male,train,48000,1,PCM_16,172973,3.603604
ml/data/raw/ravdess/extracted/Actor_03/03-01-04-01-01-02-03.wav,03-01-04-01-01-02-03.wav,03,01,04,sad,01,normal,01,02,03,male,train,48000,1,PCM_16,171371,3.570229
ml/data/raw/ravdess/extracted/Actor_03/03-01-04-01-02-01-03.wav,03-01-04-01-02-01-03.wav,03,01,04,sad,01,normal,02,01,03,male,train,48000,1,PCM_16,171371,3.570229
ml/data/raw/ravdess/extracted/Actor_03/03-01-04-01-02-02-03.wav,03-01-04-01-02-02-03.wav,03,01,04,sad,01,normal,02,02,03,male,train,48000,1,PCM_16,169770,3.536875
ml/data/raw/ravdess/extracted/Actor_03/03-01-04-02-01-01-03.wav,03-01-04-02-01-01-03.wav,03,01,04,sad,02,strong,01,01,03,male,train,48000,1,PCM_16,180981,3.770437
ml/data/raw/ravdess/extracted/Actor_03/03-01-04-02-01-02-03.wav,03-01-04-02-01-02-03.wav,03,01,04,sad,02,strong,01,02,03,male,train,48000,1,PCM_16,184184,3.837167
ml/data/raw/ravdess/extracted/Actor_03/03-01-04-02-02-01-03.wav,03-01-04-02-02-01-03.wav,03,01,04,sad,02,strong,02,01,03,male,train,48000,1,PCM_16,166566,3.470125
ml/data/raw/ravdess/extracted/Actor_03/03-01-04-02-02-02-03.wav,03-01-04-02-02-02-03.wav,03,01,04,sad,02,strong,02,02,03,male,train,48000,1,PCM_16,177777,3.703688
ml/data/raw/ravdess/extracted/Actor_03/03-01-05-01-01-01-03.wav,03-01-05-01-01-01-03.wav,03,01,05,angry,01,normal,01,01,03,male,train,48000,1,PCM_16,192192,4.004000
ml/data/raw/ravdess/extracted/Actor_03/03-01-05-01-01-02-03.wav,03-01-05-01-01-02-03.wav,03,01,05,angry,01,normal,01,02,03,male,train,48000,1,PCM_16,195395,4.070729
ml/data/raw/ravdess/extracted/Actor_03/03-01-05-01-02-01-03.wav,03-01-05-01-02-01-03.wav,03,01,05,angry,01,normal,02,01,03,male,train,48000,1,PCM_16,182583,3.803812
ml/data/raw/ravdess/extracted/Actor_03/03-01-05-01-02-02-03.wav,03-01-05-01-02-02-03.wav,03,01,05,angry,01,normal,02,02,03,male,train,48000,1,PCM_16,184184,3.837167
ml/data/raw/ravdess/extracted/Actor_03/03-01-05-02-01-01-03.wav,03-01-05-02-01-01-03.wav,03,01,05,angry,02,strong,01,01,03,male,train,48000,1,PCM_16,211411,4.404396
ml/data/raw/ravdess/extracted/Actor_03/03-01-05-02-01-02-03.wav,03-01-05-02-01-02-03.wav,03,01,05,angry,02,strong,01,02,03,male,train,48000,1,PCM_16,211412,4.404417
ml/data/raw/ravdess/extracted/Actor_03/03-01-05-02-02-01-03.wav,03-01-05-02-02-01-03.wav,03,01,05,angry,02,strong,02,01,03,male,train,48000,1,PCM_16,203403,4.237563
ml/data/raw/ravdess/extracted/Actor_03/03-01-05-02-02-02-03.wav,03-01-05-02-02-02-03.wav,03,01,05,angry,02,strong,02,02,03,male,train,48000,1,PCM_16,216216,4.504500
ml/data/raw/ravdess/extracted/Actor_03/03-01-06-01-01-01-03.wav,03-01-06-01-01-01-03.wav,03,01,06,fearful,01,normal,01,01,03,male,train,48000,1,PCM_16,179380,3.737083
ml/data/raw/ravdess/extracted/Actor_03/03-01-06-01-01-02-03.wav,03-01-06-01-01-02-03.wav,03,01,06,fearful,01,normal,01,02,03,male,train,48000,1,PCM_16,184184,3.837167
ml/data/raw/ravdess/extracted/Actor_03/03-01-06-01-02-01-03.wav,03-01-06-01-02-01-03.wav,03,01,06,fearful,01,normal,02,01,03,male,train,48000,1,PCM_16,168168,3.503500
ml/data/raw/ravdess/extracted/Actor_03/03-01-06-01-02-02-03.wav,03-01-06-01-02-02-03.wav,03,01,06,fearful,01,normal,02,02,03,male,train,48000,1,PCM_16,153754,3.203208
ml/data/raw/ravdess/extracted/Actor_03/03-01-06-02-01-01-03.wav,03-01-06-02-01-01-03.wav,03,01,06,fearful,02,strong,01,01,03,male,train,48000,1,PCM_16,158559,3.303313
ml/data/raw/ravdess/extracted/Actor_03/03-01-06-02-01-02-03.wav,03-01-06-02-01-02-03.wav,03,01,06,fearful,02,strong,01,02,03,male,train,48000,1,PCM_16,187387,3.903896
ml/data/raw/ravdess/extracted/Actor_03/03-01-06-02-02-01-03.wav,03-01-06-02-02-01-03.wav,03,01,06,fearful,02,strong,02,01,03,male,train,48000,1,PCM_16,158559,3.303313
ml/data/raw/ravdess/extracted/Actor_03/03-01-06-02-02-02-03.wav,03-01-06-02-02-02-03.wav,03,01,06,fearful,02,strong,02,02,03,male,train,48000,1,PCM_16,164965,3.436771
ml/data/raw/ravdess/extracted/Actor_03/03-01-07-01-01-01-03.wav,03-01-07-01-01-01-03.wav,03,01,07,disgust,01,normal,01,01,03,male,train,48000,1,PCM_16,193794,4.037375
ml/data/raw/ravdess/extracted/Actor_03/03-01-07-01-01-02-03.wav,03-01-07-01-01-02-03.wav,03,01,07,disgust,01,normal,01,02,03,male,train,48000,1,PCM_16,190591,3.970646
ml/data/raw/ravdess/extracted/Actor_03/03-01-07-01-02-01-03.wav,03-01-07-01-02-01-03.wav,03,01,07,disgust,01,normal,02,01,03,male,train,48000,1,PCM_16,172973,3.603604
ml/data/raw/ravdess/extracted/Actor_03/03-01-07-01-02-02-03.wav,03-01-07-01-02-02-03.wav,03,01,07,disgust,01,normal,02,02,03,male,train,48000,1,PCM_16,180981,3.770437
ml/data/raw/ravdess/extracted/Actor_03/03-01-07-02-01-01-03.wav,03-01-07-02-01-01-03.wav,03,01,07,disgust,02,strong,01,01,03,male,train,48000,1,PCM_16,196997,4.104104
ml/data/raw/ravdess/extracted/Actor_03/03-01-07-02-01-02-03.wav,03-01-07-02-01-02-03.wav,03,01,07,disgust,02,strong,01,02,03,male,train,48000,1,PCM_16,196997,4.104104
ml/data/raw/ravdess/extracted/Actor_03/03-01-07-02-02-01-03.wav,03-01-07-02-02-01-03.wav,03,01,07,disgust,02,strong,02,01,03,male,train,48000,1,PCM_16,184184,3.837167
ml/data/raw/ravdess/extracted/Actor_03/03-01-07-02-02-02-03.wav,03-01-07-02-02-02-03.wav,03,01,07,disgust,02,strong,02,02,03,male,train,48000,1,PCM_16,188989,3.937271
ml/data/raw/ravdess/extracted/Actor_03/03-01-08-01-01-01-03.wav,03-01-08-01-01-01-03.wav,03,01,08,surprised,01,normal,01,01,03,male,train,48000,1,PCM_16,155355,3.236562
ml/data/raw/ravdess/extracted/Actor_03/03-01-08-01-01-02-03.wav,03-01-08-01-01-02-03.wav,03,01,08,surprised,01,normal,01,02,03,male,train,48000,1,PCM_16,161762,3.370042
ml/data/raw/ravdess/extracted/Actor_03/03-01-08-01-02-01-03.wav,03-01-08-01-02-01-03.wav,03,01,08,surprised,01,normal,02,01,03,male,train,48000,1,PCM_16,153754,3.203208
ml/data/raw/ravdess/extracted/Actor_03/03-01-08-01-02-02-03.wav,03-01-08-01-02-02-03.wav,03,01,08,surprised,01,normal,02,02,03,male,train,48000,1,PCM_16,171371,3.570229
ml/data/raw/ravdess/extracted/Actor_03/03-01-08-02-01-01-03.wav,03-01-08-02-01-01-03.wav,03,01,08,surprised,02,strong,01,01,03,male,train,48000,1,PCM_16,156957,3.269938
ml/data/raw/ravdess/extracted/Actor_03/03-01-08-02-01-02-03.wav,03-01-08-02-01-02-03.wav,03,01,08,surprised,02,strong,01,02,03,male,train,48000,1,PCM_16,172973,3.603604
ml/data/raw/ravdess/extracted/Actor_03/03-01-08-02-02-01-03.wav,03-01-08-02-02-01-03.wav,03,01,08,surprised,02,strong,02,01,03,male,train,48000,1,PCM_16,168168,3.503500
ml/data/raw/ravdess/extracted/Actor_03/03-01-08-02-02-02-03.wav,03-01-08-02-02-02-03.wav,03,01,08,surprised,02,strong,02,02,03,male,train,48000,1,PCM_16,155355,3.236562
ml/data/raw/ravdess/extracted/Actor_04/03-01-01-01-01-01-04.wav,03-01-01-01-01-01-04.wav,03,01,01,neutral,01,normal,01,01,04,female,train,48000,1,PCM_16,158558,3.303292
ml/data/raw/ravdess/extracted/Actor_04/03-01-01-01-01-02-04.wav,03-01-01-01-01-02-04.wav,03,01,01,neutral,01,normal,01,02,04,female,train,48000,1,PCM_16,161762,3.370042
ml/data/raw/ravdess/extracted/Actor_04/03-01-01-01-02-01-04.wav,03-01-01-01-02-01-04.wav,03,01,01,neutral,01,normal,02,01,04,female,train,48000,1,PCM_16,156957,3.269938
ml/data/raw/ravdess/extracted/Actor_04/03-01-01-01-02-02-04.wav,03-01-01-01-02-02-04.wav,03,01,01,neutral,01,normal,02,02,04,female,train,48000,1,PCM_16,155355,3.236562
ml/data/raw/ravdess/extracted/Actor_04/03-01-02-01-01-01-04.wav,03-01-02-01-01-01-04.wav,03,01,02,calm,01,normal,01,01,04,female,train,48000,1,PCM_16,182582,3.803792
ml/data/raw/ravdess/extracted/Actor_04/03-01-02-01-01-02-04.wav,03-01-02-01-01-02-04.wav,03,01,02,calm,01,normal,01,02,04,female,train,48000,1,PCM_16,179379,3.737062
ml/data/raw/ravdess/extracted/Actor_04/03-01-02-01-02-01-04.wav,03-01-02-01-02-01-04.wav,03,01,02,calm,01,normal,02,01,04,female,train,48000,1,PCM_16,174575,3.636979
ml/data/raw/ravdess/extracted/Actor_04/03-01-02-01-02-02-04.wav,03-01-02-01-02-02-04.wav,03,01,02,calm,01,normal,02,02,04,female,train,48000,1,PCM_16,171372,3.570250
ml/data/raw/ravdess/extracted/Actor_04/03-01-02-02-01-01-04.wav,03-01-02-02-01-01-04.wav,03,01,02,calm,02,strong,01,01,04,female,train,48000,1,PCM_16,190590,3.970625
ml/data/raw/ravdess/extracted/Actor_04/03-01-02-02-01-02-04.wav,03-01-02-02-01-02-04.wav,03,01,02,calm,02,strong,01,02,04,female,train,48000,1,PCM_16,182583,3.803812
ml/data/raw/ravdess/extracted/Actor_04/03-01-02-02-02-01-04.wav,03-01-02-02-02-01-04.wav,03,01,02,calm,02,strong,02,01,04,female,train,48000,1,PCM_16,182582,3.803792
ml/data/raw/ravdess/extracted/Actor_04/03-01-02-02-02-02-04.wav,03-01-02-02-02-02-04.wav,03,01,02,calm,02,strong,02,02,04,female,train,48000,1,PCM_16,193794,4.037375
ml/data/raw/ravdess/extracted/Actor_04/03-01-03-01-01-01-04.wav,03-01-03-01-01-01-04.wav,03,01,03,happy,01,normal,01,01,04,female,train,48000,1,PCM_16,168168,3.503500
ml/data/raw/ravdess/extracted/Actor_04/03-01-03-01-01-02-04.wav,03-01-03-01-01-02-04.wav,03,01,03,happy,01,normal,01,02,04,female,train,48000,1,PCM_16,169769,3.536854
ml/data/raw/ravdess/extracted/Actor_04/03-01-03-01-02-01-04.wav,03-01-03-01-02-01-04.wav,03,01,03,happy,01,normal,02,01,04,female,train,48000,1,PCM_16,168168,3.503500
ml/data/raw/ravdess/extracted/Actor_04/03-01-03-01-02-02-04.wav,03-01-03-01-02-02-04.wav,03,01,03,happy,01,normal,02,02,04,female,train,48000,1,PCM_16,164965,3.436771
ml/data/raw/ravdess/extracted/Actor_04/03-01-03-02-01-01-04.wav,03-01-03-02-01-01-04.wav,03,01,03,happy,02,strong,01,01,04,female,train,48000,1,PCM_16,185786,3.870542
ml/data/raw/ravdess/extracted/Actor_04/03-01-03-02-01-02-04.wav,03-01-03-02-01-02-04.wav,03,01,03,happy,02,strong,01,02,04,female,train,48000,1,PCM_16,171371,3.570229
ml/data/raw/ravdess/extracted/Actor_04/03-01-03-02-02-01-04.wav,03-01-03-02-02-01-04.wav,03,01,03,happy,02,strong,02,01,04,female,train,48000,1,PCM_16,172973,3.603604
ml/data/raw/ravdess/extracted/Actor_04/03-01-03-02-02-02-04.wav,03-01-03-02-02-02-04.wav,03,01,03,happy,02,strong,02,02,04,female,train,48000,1,PCM_16,180980,3.770417
ml/data/raw/ravdess/extracted/Actor_04/03-01-04-01-01-01-04.wav,03-01-04-01-01-01-04.wav,03,01,04,sad,01,normal,01,01,04,female,train,48000,1,PCM_16,161762,3.370042
ml/data/raw/ravdess/extracted/Actor_04/03-01-04-01-01-02-04.wav,03-01-04-01-01-02-04.wav,03,01,04,sad,01,normal,01,02,04,female,train,48000,1,PCM_16,163363,3.403396
ml/data/raw/ravdess/extracted/Actor_04/03-01-04-01-02-01-04.wav,03-01-04-01-02-01-04.wav,03,01,04,sad,01,normal,02,01,04,female,train,48000,1,PCM_16,164965,3.436771
ml/data/raw/ravdess/extracted/Actor_04/03-01-04-01-02-02-04.wav,03-01-04-01-02-02-04.wav,03,01,04,sad,01,normal,02,02,04,female,train,48000,1,PCM_16,166566,3.470125
ml/data/raw/ravdess/extracted/Actor_04/03-01-04-02-01-01-04.wav,03-01-04-02-01-01-04.wav,03,01,04,sad,02,strong,01,01,04,female,train,48000,1,PCM_16,176176,3.670333
ml/data/raw/ravdess/extracted/Actor_04/03-01-04-02-01-02-04.wav,03-01-04-02-01-02-04.wav,03,01,04,sad,02,strong,01,02,04,female,train,48000,1,PCM_16,180981,3.770437
ml/data/raw/ravdess/extracted/Actor_04/03-01-04-02-02-01-04.wav,03-01-04-02-02-01-04.wav,03,01,04,sad,02,strong,02,01,04,female,train,48000,1,PCM_16,180981,3.770437
ml/data/raw/ravdess/extracted/Actor_04/03-01-04-02-02-02-04.wav,03-01-04-02-02-02-04.wav,03,01,04,sad,02,strong,02,02,04,female,train,48000,1,PCM_16,180981,3.770437
ml/data/raw/ravdess/extracted/Actor_04/03-01-05-01-01-01-04.wav,03-01-05-01-01-01-04.wav,03,01,05,angry,01,normal,01,01,04,female,train,48000,1,PCM_16,177778,3.703708
ml/data/raw/ravdess/extracted/Actor_04/03-01-05-01-01-02-04.wav,03-01-05-01-01-02-04.wav,03,01,05,angry,01,normal,01,02,04,female,train,48000,1,PCM_16,172973,3.603604
ml/data/raw/ravdess/extracted/Actor_04/03-01-05-01-02-01-04.wav,03-01-05-01-02-01-04.wav,03,01,05,angry,01,normal,02,01,04,female,train,48000,1,PCM_16,166566,3.470125
ml/data/raw/ravdess/extracted/Actor_04/03-01-05-01-02-02-04.wav,03-01-05-01-02-02-04.wav,03,01,05,angry,01,normal,02,02,04,female,train,48000,1,PCM_16,179379,3.737062
ml/data/raw/ravdess/extracted/Actor_04/03-01-05-02-01-01-04.wav,03-01-05-02-01-01-04.wav,03,01,05,angry,02,strong,01,01,04,female,train,48000,1,PCM_16,180981,3.770437
ml/data/raw/ravdess/extracted/Actor_04/03-01-05-02-01-02-04.wav,03-01-05-02-01-02-04.wav,03,01,05,angry,02,strong,01,02,04,female,train,48000,1,PCM_16,185785,3.870521
ml/data/raw/ravdess/extracted/Actor_04/03-01-05-02-02-01-04.wav,03-01-05-02-02-01-04.wav,03,01,05,angry,02,strong,02,01,04,female,train,48000,1,PCM_16,177777,3.703688
ml/data/raw/ravdess/extracted/Actor_04/03-01-05-02-02-02-04.wav,03-01-05-02-02-02-04.wav,03,01,05,angry,02,strong,02,02,04,female,train,48000,1,PCM_16,184184,3.837167
ml/data/raw/ravdess/extracted/Actor_04/03-01-06-01-01-01-04.wav,03-01-06-01-01-01-04.wav,03,01,06,fearful,01,normal,01,01,04,female,train,48000,1,PCM_16,158558,3.303292
ml/data/raw/ravdess/extracted/Actor_04/03-01-06-01-01-02-04.wav,03-01-06-01-01-02-04.wav,03,01,06,fearful,01,normal,01,02,04,female,train,48000,1,PCM_16,155356,3.236583
ml/data/raw/ravdess/extracted/Actor_04/03-01-06-01-02-01-04.wav,03-01-06-01-02-01-04.wav,03,01,06,fearful,01,normal,02,01,04,female,train,48000,1,PCM_16,166566,3.470125
ml/data/raw/ravdess/extracted/Actor_04/03-01-06-01-02-02-04.wav,03-01-06-01-02-02-04.wav,03,01,06,fearful,01,normal,02,02,04,female,train,48000,1,PCM_16,166566,3.470125
ml/data/raw/ravdess/extracted/Actor_04/03-01-06-02-01-01-04.wav,03-01-06-02-01-01-04.wav,03,01,06,fearful,02,strong,01,01,04,female,train,48000,1,PCM_16,188989,3.937271
ml/data/raw/ravdess/extracted/Actor_04/03-01-06-02-01-02-04.wav,03-01-06-02-01-02-04.wav,03,01,06,fearful,02,strong,01,02,04,female,train,48000,1,PCM_16,163363,3.403396
ml/data/raw/ravdess/extracted/Actor_04/03-01-06-02-02-01-04.wav,03-01-06-02-02-01-04.wav,03,01,06,fearful,02,strong,02,01,04,female,train,48000,1,PCM_16,172973,3.603604
ml/data/raw/ravdess/extracted/Actor_04/03-01-06-02-02-02-04.wav,03-01-06-02-02-02-04.wav,03,01,06,fearful,02,strong,02,02,04,female,train,48000,1,PCM_16,171371,3.570229
ml/data/raw/ravdess/extracted/Actor_04/03-01-07-01-01-01-04.wav,03-01-07-01-01-01-04.wav,03,01,07,disgust,01,normal,01,01,04,female,train,48000,1,PCM_16,187388,3.903917
ml/data/raw/ravdess/extracted/Actor_04/03-01-07-01-01-02-04.wav,03-01-07-01-01-02-04.wav,03,01,07,disgust,01,normal,01,02,04,female,train,48000,1,PCM_16,187387,3.903896
ml/data/raw/ravdess/extracted/Actor_04/03-01-07-01-02-01-04.wav,03-01-07-01-02-01-04.wav,03,01,07,disgust,01,normal,02,01,04,female,train,48000,1,PCM_16,180981,3.770437
ml/data/raw/ravdess/extracted/Actor_04/03-01-07-01-02-02-04.wav,03-01-07-01-02-02-04.wav,03,01,07,disgust,01,normal,02,02,04,female,train,48000,1,PCM_16,182583,3.803812
ml/data/raw/ravdess/extracted/Actor_04/03-01-07-02-01-01-04.wav,03-01-07-02-01-01-04.wav,03,01,07,disgust,02,strong,01,01,04,female,train,48000,1,PCM_16,192192,4.004000
ml/data/raw/ravdess/extracted/Actor_04/03-01-07-02-01-02-04.wav,03-01-07-02-01-02-04.wav,03,01,07,disgust,02,strong,01,02,04,female,train,48000,1,PCM_16,193794,4.037375
ml/data/raw/ravdess/extracted/Actor_04/03-01-07-02-02-01-04.wav,03-01-07-02-02-01-04.wav,03,01,07,disgust,02,strong,02,01,04,female,train,48000,1,PCM_16,185786,3.870542
ml/data/raw/ravdess/extracted/Actor_04/03-01-07-02-02-02-04.wav,03-01-07-02-02-02-04.wav,03,01,07,disgust,02,strong,02,02,04,female,train,48000,1,PCM_16,188989,3.937271
ml/data/raw/ravdess/extracted/Actor_04/03-01-08-01-01-01-04.wav,03-01-08-01-01-01-04.wav,03,01,08,surprised,01,normal,01,01,04,female,train,48000,1,PCM_16,155356,3.236583
ml/data/raw/ravdess/extracted/Actor_04/03-01-08-01-01-02-04.wav,03-01-08-01-01-02-04.wav,03,01,08,surprised,01,normal,01,02,04,female,train,48000,1,PCM_16,160160,3.336667
ml/data/raw/ravdess/extracted/Actor_04/03-01-08-01-02-01-04.wav,03-01-08-01-02-01-04.wav,03,01,08,surprised,01,normal,02,01,04,female,train,48000,1,PCM_16,174574,3.636958
ml/data/raw/ravdess/extracted/Actor_04/03-01-08-01-02-02-04.wav,03-01-08-01-02-02-04.wav,03,01,08,surprised,01,normal,02,02,04,female,train,48000,1,PCM_16,164964,3.436750
ml/data/raw/ravdess/extracted/Actor_04/03-01-08-02-01-01-04.wav,03-01-08-02-01-01-04.wav,03,01,08,surprised,02,strong,01,01,04,female,train,48000,1,PCM_16,176176,3.670333
ml/data/raw/ravdess/extracted/Actor_04/03-01-08-02-01-02-04.wav,03-01-08-02-01-02-04.wav,03,01,08,surprised,02,strong,01,02,04,female,train,48000,1,PCM_16,171371,3.570229
ml/data/raw/ravdess/extracted/Actor_04/03-01-08-02-02-01-04.wav,03-01-08-02-02-01-04.wav,03,01,08,surprised,02,strong,02,01,04,female,train,48000,1,PCM_16,166566,3.470125
ml/data/raw/ravdess/extracted/Actor_04/03-01-08-02-02-02-04.wav,03-01-08-02-02-02-04.wav,03,01,08,surprised,02,strong,02,02,04,female,train,48000,1,PCM_16,169769,3.536854
ml/data/raw/ravdess/extracted/Actor_05/03-01-01-01-01-01-05.wav,03-01-01-01-01-01-05.wav,03,01,01,neutral,01,normal,01,01,05,male,train,48000,1,PCM_16,172973,3.603604
ml/data/raw/ravdess/extracted/Actor_05/03-01-01-01-01-02-05.wav,03-01-01-01-01-02-05.wav,03,01,01,neutral,01,normal,01,02,05,male,train,48000,1,PCM_16,174575,3.636979
ml/data/raw/ravdess/extracted/Actor_05/03-01-01-01-02-01-05.wav,03-01-01-01-02-01-05.wav,03,01,01,neutral,01,normal,02,01,05,male,train,48000,1,PCM_16,148948,3.103083
ml/data/raw/ravdess/extracted/Actor_05/03-01-01-01-02-02-05.wav,03-01-01-01-02-02-05.wav,03,01,01,neutral,01,normal,02,02,05,male,train,48000,1,PCM_16,172973,3.603604
ml/data/raw/ravdess/extracted/Actor_05/03-01-02-01-01-01-05.wav,03-01-02-01-01-01-05.wav,03,01,02,calm,01,normal,01,01,05,male,train,48000,1,PCM_16,193793,4.037354
ml/data/raw/ravdess/extracted/Actor_05/03-01-02-01-01-02-05.wav,03-01-02-01-01-02-05.wav,03,01,02,calm,01,normal,01,02,05,male,train,48000,1,PCM_16,196997,4.104104
ml/data/raw/ravdess/extracted/Actor_05/03-01-02-01-02-01-05.wav,03-01-02-01-02-01-05.wav,03,01,02,calm,01,normal,02,01,05,male,train,48000,1,PCM_16,198599,4.137479
ml/data/raw/ravdess/extracted/Actor_05/03-01-02-01-02-02-05.wav,03-01-02-01-02-02-05.wav,03,01,02,calm,01,normal,02,02,05,male,train,48000,2,PCM_16,203403,4.237563
ml/data/raw/ravdess/extracted/Actor_05/03-01-02-02-01-01-05.wav,03-01-02-02-01-01-05.wav,03,01,02,calm,02,strong,01,01,05,male,train,48000,1,PCM_16,227427,4.738062
ml/data/raw/ravdess/extracted/Actor_05/03-01-02-02-01-02-05.wav,03-01-02-02-01-02-05.wav,03,01,02,calm,02,strong,01,02,05,male,train,48000,1,PCM_16,216216,4.504500
ml/data/raw/ravdess/extracted/Actor_05/03-01-02-02-02-01-05.wav,03-01-02-02-02-01-05.wav,03,01,02,calm,02,strong,02,01,05,male,train,48000,1,PCM_16,229029,4.771438
ml/data/raw/ravdess/extracted/Actor_05/03-01-02-02-02-02-05.wav,03-01-02-02-02-02-05.wav,03,01,02,calm,02,strong,02,02,05,male,train,48000,1,PCM_16,206606,4.304292
ml/data/raw/ravdess/extracted/Actor_05/03-01-03-01-01-01-05.wav,03-01-03-01-01-01-05.wav,03,01,03,happy,01,normal,01,01,05,male,train,48000,1,PCM_16,192192,4.004000
ml/data/raw/ravdess/extracted/Actor_05/03-01-03-01-01-02-05.wav,03-01-03-01-01-02-05.wav,03,01,03,happy,01,normal,01,02,05,male,train,48000,1,PCM_16,155355,3.236562
ml/data/raw/ravdess/extracted/Actor_05/03-01-03-01-02-01-05.wav,03-01-03-01-02-01-05.wav,03,01,03,happy,01,normal,02,01,05,male,train,48000,1,PCM_16,161761,3.370021
ml/data/raw/ravdess/extracted/Actor_05/03-01-03-01-02-02-05.wav,03-01-03-01-02-02-05.wav,03,01,03,happy,01,normal,02,02,05,male,train,48000,1,PCM_16,180981,3.770437
ml/data/raw/ravdess/extracted/Actor_05/03-01-03-02-01-01-05.wav,03-01-03-02-01-01-05.wav,03,01,03,happy,02,strong,01,01,05,male,train,48000,1,PCM_16,198599,4.137479
ml/data/raw/ravdess/extracted/Actor_05/03-01-03-02-01-02-05.wav,03-01-03-02-01-02-05.wav,03,01,03,happy,02,strong,01,02,05,male,train,48000,1,PCM_16,185786,3.870542
ml/data/raw/ravdess/extracted/Actor_05/03-01-03-02-02-01-05.wav,03-01-03-02-02-01-05.wav,03,01,03,happy,02,strong,02,01,05,male,train,48000,1,PCM_16,172972,3.603583
ml/data/raw/ravdess/extracted/Actor_05/03-01-03-02-02-02-05.wav,03-01-03-02-02-02-05.wav,03,01,03,happy,02,strong,02,02,05,male,train,48000,1,PCM_16,163363,3.403396
ml/data/raw/ravdess/extracted/Actor_05/03-01-04-01-01-01-05.wav,03-01-04-01-01-01-05.wav,03,01,04,sad,01,normal,01,01,05,male,train,48000,1,PCM_16,156957,3.269938
ml/data/raw/ravdess/extracted/Actor_05/03-01-04-01-01-02-05.wav,03-01-04-01-01-02-05.wav,03,01,04,sad,01,normal,01,02,05,male,train,48000,1,PCM_16,174574,3.636958
ml/data/raw/ravdess/extracted/Actor_05/03-01-04-01-02-01-05.wav,03-01-04-01-02-01-05.wav,03,01,04,sad,01,normal,02,01,05,male,train,48000,1,PCM_16,148949,3.103104
ml/data/raw/ravdess/extracted/Actor_05/03-01-04-01-02-02-05.wav,03-01-04-01-02-02-05.wav,03,01,04,sad,01,normal,02,02,05,male,train,48000,1,PCM_16,177777,3.703688
ml/data/raw/ravdess/extracted/Actor_05/03-01-04-02-01-01-05.wav,03-01-04-02-01-01-05.wav,03,01,04,sad,02,strong,01,01,05,male,train,48000,1,PCM_16,169769,3.536854
ml/data/raw/ravdess/extracted/Actor_05/03-01-04-02-01-02-05.wav,03-01-04-02-01-02-05.wav,03,01,04,sad,02,strong,01,02,05,male,train,48000,1,PCM_16,156957,3.269938
ml/data/raw/ravdess/extracted/Actor_05/03-01-04-02-02-01-05.wav,03-01-04-02-02-01-05.wav,03,01,04,sad,02,strong,02,01,05,male,train,48000,1,PCM_16,156956,3.269917
ml/data/raw/ravdess/extracted/Actor_05/03-01-04-02-02-02-05.wav,03-01-04-02-02-02-05.wav,03,01,04,sad,02,strong,02,02,05,male,train,48000,1,PCM_16,150551,3.136479
ml/data/raw/ravdess/extracted/Actor_05/03-01-05-01-01-01-05.wav,03-01-05-01-01-01-05.wav,03,01,05,angry,01,normal,01,01,05,male,train,48000,1,PCM_16,185786,3.870542
ml/data/raw/ravdess/extracted/Actor_05/03-01-05-01-01-02-05.wav,03-01-05-01-01-02-05.wav,03,01,05,angry,01,normal,01,02,05,male,train,48000,1,PCM_16,182582,3.803792
ml/data/raw/ravdess/extracted/Actor_05/03-01-05-01-02-01-05.wav,03-01-05-01-02-01-05.wav,03,01,05,angry,01,normal,02,01,05,male,train,48000,1,PCM_16,195395,4.070729
ml/data/raw/ravdess/extracted/Actor_05/03-01-05-01-02-02-05.wav,03-01-05-01-02-02-05.wav,03,01,05,angry,01,normal,02,02,05,male,train,48000,1,PCM_16,211411,4.404396
ml/data/raw/ravdess/extracted/Actor_05/03-01-05-02-01-01-05.wav,03-01-05-02-01-01-05.wav,03,01,05,angry,02,strong,01,01,05,male,train,48000,1,PCM_16,163363,3.403396
ml/data/raw/ravdess/extracted/Actor_05/03-01-05-02-01-02-05.wav,03-01-05-02-01-02-05.wav,03,01,05,angry,02,strong,01,02,05,male,train,48000,1,PCM_16,171371,3.570229
ml/data/raw/ravdess/extracted/Actor_05/03-01-05-02-02-01-05.wav,03-01-05-02-02-01-05.wav,03,01,05,angry,02,strong,02,01,05,male,train,48000,1,PCM_16,174574,3.636958
ml/data/raw/ravdess/extracted/Actor_05/03-01-05-02-02-02-05.wav,03-01-05-02-02-02-05.wav,03,01,05,angry,02,strong,02,02,05,male,train,48000,1,PCM_16,174575,3.636979
ml/data/raw/ravdess/extracted/Actor_05/03-01-06-01-01-01-05.wav,03-01-06-01-01-01-05.wav,03,01,06,fearful,01,normal,01,01,05,male,train,48000,1,PCM_16,150551,3.136479
ml/data/raw/ravdess/extracted/Actor_05/03-01-06-01-01-02-05.wav,03-01-06-01-01-02-05.wav,03,01,06,fearful,01,normal,01,02,05,male,train,48000,1,PCM_16,161761,3.370021
ml/data/raw/ravdess/extracted/Actor_05/03-01-06-01-02-01-05.wav,03-01-06-01-02-01-05.wav,03,01,06,fearful,01,normal,02,01,05,male,train,48000,1,PCM_16,150550,3.136458
ml/data/raw/ravdess/extracted/Actor_05/03-01-06-01-02-02-05.wav,03-01-06-01-02-02-05.wav,03,01,06,fearful,01,normal,02,02,05,male,train,48000,1,PCM_16,147347,3.069729
ml/data/raw/ravdess/extracted/Actor_05/03-01-06-02-01-01-05.wav,03-01-06-02-01-01-05.wav,03,01,06,fearful,02,strong,01,01,05,male,train,48000,1,PCM_16,155355,3.236562
ml/data/raw/ravdess/extracted/Actor_05/03-01-06-02-01-02-05.wav,03-01-06-02-01-02-05.wav,03,01,06,fearful,02,strong,01,02,05,male,train,48000,1,PCM_16,171371,3.570229
ml/data/raw/ravdess/extracted/Actor_05/03-01-06-02-02-01-05.wav,03-01-06-02-02-01-05.wav,03,01,06,fearful,02,strong,02,01,05,male,train,48000,1,PCM_16,155355,3.236562
ml/data/raw/ravdess/extracted/Actor_05/03-01-06-02-02-02-05.wav,03-01-06-02-02-02-05.wav,03,01,06,fearful,02,strong,02,02,05,male,train,48000,1,PCM_16,148949,3.103104
ml/data/raw/ravdess/extracted/Actor_05/03-01-07-01-01-01-05.wav,03-01-07-01-01-01-05.wav,03,01,07,disgust,01,normal,01,01,05,male,train,48000,1,PCM_16,208208,4.337667
ml/data/raw/ravdess/extracted/Actor_05/03-01-07-01-01-02-05.wav,03-01-07-01-01-02-05.wav,03,01,07,disgust,01,normal,01,02,05,male,train,48000,1,PCM_16,196997,4.104104
ml/data/raw/ravdess/extracted/Actor_05/03-01-07-01-02-01-05.wav,03-01-07-01-02-01-05.wav,03,01,07,disgust,01,normal,02,01,05,male,train,48000,1,PCM_16,187387,3.903896
ml/data/raw/ravdess/extracted/Actor_05/03-01-07-01-02-02-05.wav,03-01-07-01-02-02-05.wav,03,01,07,disgust,01,normal,02,02,05,male,train,48000,1,PCM_16,179379,3.737062
ml/data/raw/ravdess/extracted/Actor_05/03-01-07-02-01-01-05.wav,03-01-07-02-01-01-05.wav,03,01,07,disgust,02,strong,01,01,05,male,train,48000,1,PCM_16,208208,4.337667
ml/data/raw/ravdess/extracted/Actor_05/03-01-07-02-01-02-05.wav,03-01-07-02-01-02-05.wav,03,01,07,disgust,02,strong,01,02,05,male,train,48000,1,PCM_16,187387,3.903896
ml/data/raw/ravdess/extracted/Actor_05/03-01-07-02-02-01-05.wav,03-01-07-02-02-01-05.wav,03,01,07,disgust,02,strong,02,01,05,male,train,48000,1,PCM_16,205005,4.270937
ml/data/raw/ravdess/extracted/Actor_05/03-01-07-02-02-02-05.wav,03-01-07-02-02-02-05.wav,03,01,07,disgust,02,strong,02,02,05,male,train,48000,1,PCM_16,217818,4.537875
ml/data/raw/ravdess/extracted/Actor_05/03-01-08-01-01-01-05.wav,03-01-08-01-01-01-05.wav,03,01,08,surprised,01,normal,01,01,05,male,train,48000,1,PCM_16,179379,3.737062
ml/data/raw/ravdess/extracted/Actor_05/03-01-08-01-01-02-05.wav,03-01-08-01-01-02-05.wav,03,01,08,surprised,01,normal,01,02,05,male,train,48000,1,PCM_16,176176,3.670333
ml/data/raw/ravdess/extracted/Actor_05/03-01-08-01-02-01-05.wav,03-01-08-01-02-01-05.wav,03,01,08,surprised,01,normal,02,01,05,male,train,48000,1,PCM_16,147347,3.069729
ml/data/raw/ravdess/extracted/Actor_05/03-01-08-01-02-02-05.wav,03-01-08-01-02-02-05.wav,03,01,08,surprised,01,normal,02,02,05,male,train,48000,1,PCM_16,177777,3.703688
ml/data/raw/ravdess/extracted/Actor_05/03-01-08-02-01-01-05.wav,03-01-08-02-01-01-05.wav,03,01,08,surprised,02,strong,01,01,05,male,train,48000,1,PCM_16,198599,4.137479
ml/data/raw/ravdess/extracted/Actor_05/03-01-08-02-01-02-05.wav,03-01-08-02-01-02-05.wav,03,01,08,surprised,02,strong,01,02,05,male,train,48000,1,PCM_16,196997,4.104104
ml/data/raw/ravdess/extracted/Actor_05/03-01-08-02-02-01-05.wav,03-01-08-02-02-01-05.wav,03,01,08,surprised,02,strong,02,01,05,male,train,48000,1,PCM_16,176176,3.670333
ml/data/raw/ravdess/extracted/Actor_05/03-01-08-02-02-02-05.wav,03-01-08-02-02-02-05.wav,03,01,08,surprised,02,strong,02,02,05,male,train,48000,1,PCM_16,169770,3.536875
ml/data/raw/ravdess/extracted/Actor_06/03-01-01-01-01-01-06.wav,03-01-01-01-01-01-06.wav,03,01,01,neutral,01,normal,01,01,06,female,train,48000,1,PCM_16,160160,3.336667
ml/data/raw/ravdess/extracted/Actor_06/03-01-01-01-01-02-06.wav,03-01-01-01-01-02-06.wav,03,01,01,neutral,01,normal,01,02,06,female,train,48000,1,PCM_16,172973,3.603604
ml/data/raw/ravdess/extracted/Actor_06/03-01-01-01-02-01-06.wav,03-01-01-01-02-01-06.wav,03,01,01,neutral,01,normal,02,01,06,female,train,48000,1,PCM_16,163363,3.403396
ml/data/raw/ravdess/extracted/Actor_06/03-01-01-01-02-02-06.wav,03-01-01-01-02-02-06.wav,03,01,01,neutral,01,normal,02,02,06,female,train,48000,1,PCM_16,164965,3.436771
ml/data/raw/ravdess/extracted/Actor_06/03-01-02-01-01-01-06.wav,03-01-02-01-01-01-06.wav,03,01,02,calm,01,normal,01,01,06,female,train,48000,1,PCM_16,193793,4.037354
ml/data/raw/ravdess/extracted/Actor_06/03-01-02-01-01-02-06.wav,03-01-02-01-01-02-06.wav,03,01,02,calm,01,normal,01,02,06,female,train,48000,1,PCM_16,196997,4.104104
ml/data/raw/ravdess/extracted/Actor_06/03-01-02-01-02-01-06.wav,03-01-02-01-02-01-06.wav,03,01,02,calm,01,normal,02,01,06,female,train,48000,1,PCM_16,190590,3.970625
ml/data/raw/ravdess/extracted/Actor_06/03-01-02-01-02-02-06.wav,03-01-02-01-02-02-06.wav,03,01,02,calm,01,normal,02,02,06,female,train,48000,1,PCM_16,201801,4.204187
ml/data/raw/ravdess/extracted/Actor_06/03-01-02-02-01-01-06.wav,03-01-02-02-01-01-06.wav,03,01,02,calm,02,strong,01,01,06,female,train,48000,1,PCM_16,216216,4.504500
ml/data/raw/ravdess/extracted/Actor_06/03-01-02-02-01-02-06.wav,03-01-02-02-01-02-06.wav,03,01,02,calm,02,strong,01,02,06,female,train,48000,1,PCM_16,222623,4.637979
ml/data/raw/ravdess/extracted/Actor_06/03-01-02-02-02-01-06.wav,03-01-02-02-02-01-06.wav,03,01,02,calm,02,strong,02,01,06,female,train,48000,1,PCM_16,208208,4.337667
ml/data/raw/ravdess/extracted/Actor_06/03-01-02-02-02-02-06.wav,03-01-02-02-02-02-06.wav,03,01,02,calm,02,strong,02,02,06,female,train,48000,1,PCM_16,229029,4.771438
ml/data/raw/ravdess/extracted/Actor_06/03-01-03-01-01-01-06.wav,03-01-03-01-01-01-06.wav,03,01,03,happy,01,normal,01,01,06,female,train,48000,1,PCM_16,169769,3.536854
ml/data/raw/ravdess/extracted/Actor_06/03-01-03-01-01-02-06.wav,03-01-03-01-01-02-06.wav,03,01,03,happy,01,normal,01,02,06,female,train,48000,1,PCM_16,172973,3.603604
ml/data/raw/ravdess/extracted/Actor_06/03-01-03-01-02-01-06.wav,03-01-03-01-02-01-06.wav,03,01,03,happy,01,normal,02,01,06,female,train,48000,1,PCM_16,166566,3.470125
ml/data/raw/ravdess/extracted/Actor_06/03-01-03-01-02-02-06.wav,03-01-03-01-02-02-06.wav,03,01,03,happy,01,normal,02,02,06,female,train,48000,1,PCM_16,164965,3.436771
ml/data/raw/ravdess/extracted/Actor_06/03-01-03-02-01-01-06.wav,03-01-03-02-01-01-06.wav,03,01,03,happy,02,strong,01,01,06,female,train,48000,1,PCM_16,168168,3.503500
ml/data/raw/ravdess/extracted/Actor_06/03-01-03-02-01-02-06.wav,03-01-03-02-01-02-06.wav,03,01,03,happy,02,strong,01,02,06,female,train,48000,1,PCM_16,166566,3.470125
ml/data/raw/ravdess/extracted/Actor_06/03-01-03-02-02-01-06.wav,03-01-03-02-02-01-06.wav,03,01,03,happy,02,strong,02,01,06,female,train,48000,1,PCM_16,171371,3.570229
ml/data/raw/ravdess/extracted/Actor_06/03-01-03-02-02-02-06.wav,03-01-03-02-02-02-06.wav,03,01,03,happy,02,strong,02,02,06,female,train,48000,1,PCM_16,172972,3.603583
ml/data/raw/ravdess/extracted/Actor_06/03-01-04-01-01-01-06.wav,03-01-04-01-01-01-06.wav,03,01,04,sad,01,normal,01,01,06,female,train,48000,1,PCM_16,171371,3.570229
ml/data/raw/ravdess/extracted/Actor_06/03-01-04-01-01-02-06.wav,03-01-04-01-01-02-06.wav,03,01,04,sad,01,normal,01,02,06,female,train,48000,1,PCM_16,172973,3.603604
ml/data/raw/ravdess/extracted/Actor_06/03-01-04-01-02-01-06.wav,03-01-04-01-02-01-06.wav,03,01,04,sad,01,normal,02,01,06,female,train,48000,1,PCM_16,166567,3.470146
ml/data/raw/ravdess/extracted/Actor_06/03-01-04-01-02-02-06.wav,03-01-04-01-02-02-06.wav,03,01,04,sad,01,normal,02,02,06,female,train,48000,1,PCM_16,164965,3.436771
ml/data/raw/ravdess/extracted/Actor_06/03-01-04-02-01-01-06.wav,03-01-04-02-01-01-06.wav,03,01,04,sad,02,strong,01,01,06,female,train,48000,1,PCM_16,201801,4.204187
ml/data/raw/ravdess/extracted/Actor_06/03-01-04-02-01-02-06.wav,03-01-04-02-01-02-06.wav,03,01,04,sad,02,strong,01,02,06,female,train,48000,1,PCM_16,196997,4.104104
ml/data/raw/ravdess/extracted/Actor_06/03-01-04-02-02-01-06.wav,03-01-04-02-02-01-06.wav,03,01,04,sad,02,strong,02,01,06,female,train,48000,1,PCM_16,221020,4.604583
ml/data/raw/ravdess/extracted/Actor_06/03-01-04-02-02-02-06.wav,03-01-04-02-02-02-06.wav,03,01,04,sad,02,strong,02,02,06,female,train,48000,1,PCM_16,193793,4.037354
ml/data/raw/ravdess/extracted/Actor_06/03-01-05-01-01-01-06.wav,03-01-05-01-01-01-06.wav,03,01,05,angry,01,normal,01,01,06,female,train,48000,1,PCM_16,180981,3.770437
ml/data/raw/ravdess/extracted/Actor_06/03-01-05-01-01-02-06.wav,03-01-05-01-01-02-06.wav,03,01,05,angry,01,normal,01,02,06,female,train,48000,1,PCM_16,190590,3.970625
ml/data/raw/ravdess/extracted/Actor_06/03-01-05-01-02-01-06.wav,03-01-05-01-02-01-06.wav,03,01,05,angry,01,normal,02,01,06,female,train,48000,1,PCM_16,201801,4.204187
ml/data/raw/ravdess/extracted/Actor_06/03-01-05-01-02-02-06.wav,03-01-05-01-02-02-06.wav,03,01,05,angry,01,normal,02,02,06,female,train,48000,1,PCM_16,187387,3.903896
ml/data/raw/ravdess/extracted/Actor_06/03-01-05-02-01-01-06.wav,03-01-05-02-01-01-06.wav,03,01,05,angry,02,strong,01,01,06,female,train,48000,1,PCM_16,196997,4.104104
ml/data/raw/ravdess/extracted/Actor_06/03-01-05-02-01-02-06.wav,03-01-05-02-01-02-06.wav,03,01,05,angry,02,strong,01,02,06,female,train,48000,1,PCM_16,201801,4.204187
ml/data/raw/ravdess/extracted/Actor_06/03-01-05-02-02-01-06.wav,03-01-05-02-02-01-06.wav,03,01,05,angry,02,strong,02,01,06,female,train,48000,1,PCM_16,213013,4.437771
ml/data/raw/ravdess/extracted/Actor_06/03-01-05-02-02-02-06.wav,03-01-05-02-02-02-06.wav,03,01,05,angry,02,strong,02,02,06,female,train,48000,1,PCM_16,214614,4.471125
ml/data/raw/ravdess/extracted/Actor_06/03-01-06-01-01-01-06.wav,03-01-06-01-01-01-06.wav,03,01,06,fearful,01,normal,01,01,06,female,train,48000,1,PCM_16,174574,3.636958
ml/data/raw/ravdess/extracted/Actor_06/03-01-06-01-01-02-06.wav,03-01-06-01-01-02-06.wav,03,01,06,fearful,01,normal,01,02,06,female,train,48000,1,PCM_16,164965,3.436771
ml/data/raw/ravdess/extracted/Actor_06/03-01-06-01-02-01-06.wav,03-01-06-01-02-01-06.wav,03,01,06,fearful,01,normal,02,01,06,female,train,48000,1,PCM_16,171372,3.570250
ml/data/raw/ravdess/extracted/Actor_06/03-01-06-01-02-02-06.wav,03-01-06-01-02-02-06.wav,03,01,06,fearful,01,normal,02,02,06,female,train,48000,1,PCM_16,168168,3.503500
ml/data/raw/ravdess/extracted/Actor_06/03-01-06-02-01-01-06.wav,03-01-06-02-01-01-06.wav,03,01,06,fearful,02,strong,01,01,06,female,train,48000,1,PCM_16,174575,3.636979
ml/data/raw/ravdess/extracted/Actor_06/03-01-06-02-01-02-06.wav,03-01-06-02-01-02-06.wav,03,01,06,fearful,02,strong,01,02,06,female,train,48000,1,PCM_16,172973,3.603604
ml/data/raw/ravdess/extracted/Actor_06/03-01-06-02-02-01-06.wav,03-01-06-02-02-01-06.wav,03,01,06,fearful,02,strong,02,01,06,female,train,48000,1,PCM_16,179379,3.737062
ml/data/raw/ravdess/extracted/Actor_06/03-01-06-02-02-02-06.wav,03-01-06-02-02-02-06.wav,03,01,06,fearful,02,strong,02,02,06,female,train,48000,1,PCM_16,179379,3.737062
ml/data/raw/ravdess/extracted/Actor_06/03-01-07-01-01-01-06.wav,03-01-07-01-01-01-06.wav,03,01,07,disgust,01,normal,01,01,06,female,train,48000,1,PCM_16,168168,3.503500
ml/data/raw/ravdess/extracted/Actor_06/03-01-07-01-01-02-06.wav,03-01-07-01-01-02-06.wav,03,01,07,disgust,01,normal,01,02,06,female,train,48000,1,PCM_16,205005,4.270937
ml/data/raw/ravdess/extracted/Actor_06/03-01-07-01-02-01-06.wav,03-01-07-01-02-01-06.wav,03,01,07,disgust,01,normal,02,01,06,female,train,48000,1,PCM_16,179379,3.737062
ml/data/raw/ravdess/extracted/Actor_06/03-01-07-01-02-02-06.wav,03-01-07-01-02-02-06.wav,03,01,07,disgust,01,normal,02,02,06,female,train,48000,1,PCM_16,188989,3.937271
ml/data/raw/ravdess/extracted/Actor_06/03-01-07-02-01-01-06.wav,03-01-07-02-01-01-06.wav,03,01,07,disgust,02,strong,01,01,06,female,train,48000,1,PCM_16,206607,4.304312
ml/data/raw/ravdess/extracted/Actor_06/03-01-07-02-01-02-06.wav,03-01-07-02-01-02-06.wav,03,01,07,disgust,02,strong,01,02,06,female,train,48000,1,PCM_16,188989,3.937271
ml/data/raw/ravdess/extracted/Actor_06/03-01-07-02-02-01-06.wav,03-01-07-02-02-01-06.wav,03,01,07,disgust,02,strong,02,01,06,female,train,48000,1,PCM_16,193793,4.037354
ml/data/raw/ravdess/extracted/Actor_06/03-01-07-02-02-02-06.wav,03-01-07-02-02-02-06.wav,03,01,07,disgust,02,strong,02,02,06,female,train,48000,1,PCM_16,190590,3.970625
ml/data/raw/ravdess/extracted/Actor_06/03-01-08-01-01-01-06.wav,03-01-08-01-01-01-06.wav,03,01,08,surprised,01,normal,01,01,06,female,train,48000,1,PCM_16,155355,3.236562
ml/data/raw/ravdess/extracted/Actor_06/03-01-08-01-01-02-06.wav,03-01-08-01-01-02-06.wav,03,01,08,surprised,01,normal,01,02,06,female,train,48000,1,PCM_16,155355,3.236562
ml/data/raw/ravdess/extracted/Actor_06/03-01-08-01-02-01-06.wav,03-01-08-01-02-01-06.wav,03,01,08,surprised,01,normal,02,01,06,female,train,48000,1,PCM_16,153754,3.203208
ml/data/raw/ravdess/extracted/Actor_06/03-01-08-01-02-02-06.wav,03-01-08-01-02-02-06.wav,03,01,08,surprised,01,normal,02,02,06,female,train,48000,1,PCM_16,150550,3.136458
ml/data/raw/ravdess/extracted/Actor_06/03-01-08-02-01-01-06.wav,03-01-08-02-01-01-06.wav,03,01,08,surprised,02,strong,01,01,06,female,train,48000,1,PCM_16,155355,3.236562
ml/data/raw/ravdess/extracted/Actor_06/03-01-08-02-01-02-06.wav,03-01-08-02-01-02-06.wav,03,01,08,surprised,02,strong,01,02,06,female,train,48000,1,PCM_16,161762,3.370042
ml/data/raw/ravdess/extracted/Actor_06/03-01-08-02-02-01-06.wav,03-01-08-02-02-01-06.wav,03,01,08,surprised,02,strong,02,01,06,female,train,48000,1,PCM_16,158559,3.303313
ml/data/raw/ravdess/extracted/Actor_06/03-01-08-02-02-02-06.wav,03-01-08-02-02-02-06.wav,03,01,08,surprised,02,strong,02,02,06,female,train,48000,1,PCM_16,153754,3.203208
ml/data/raw/ravdess/extracted/Actor_07/03-01-01-01-01-01-07.wav,03-01-01-01-01-01-07.wav,03,01,01,neutral,01,normal,01,01,07,male,train,48000,1,PCM_16,187388,3.903917
ml/data/raw/ravdess/extracted/Actor_07/03-01-01-01-01-02-07.wav,03-01-01-01-01-02-07.wav,03,01,01,neutral,01,normal,01,02,07,male,train,48000,1,PCM_16,182583,3.803812
ml/data/raw/ravdess/extracted/Actor_07/03-01-01-01-02-01-07.wav,03-01-01-01-02-01-07.wav,03,01,01,neutral,01,normal,02,01,07,male,train,48000,1,PCM_16,198598,4.137458
ml/data/raw/ravdess/extracted/Actor_07/03-01-01-01-02-02-07.wav,03-01-01-01-02-02-07.wav,03,01,01,neutral,01,normal,02,02,07,male,train,48000,1,PCM_16,179379,3.737062
ml/data/raw/ravdess/extracted/Actor_07/03-01-02-01-01-01-07.wav,03-01-02-01-01-01-07.wav,03,01,02,calm,01,normal,01,01,07,male,train,48000,1,PCM_16,166566,3.470125
ml/data/raw/ravdess/extracted/Actor_07/03-01-02-01-01-02-07.wav,03-01-02-01-01-02-07.wav,03,01,02,calm,01,normal,01,02,07,male,train,48000,1,PCM_16,179379,3.737062
ml/data/raw/ravdess/extracted/Actor_07/03-01-02-01-02-01-07.wav,03-01-02-01-02-01-07.wav,03,01,02,calm,01,normal,02,01,07,male,train,48000,1,PCM_16,168168,3.503500
ml/data/raw/ravdess/extracted/Actor_07/03-01-02-01-02-02-07.wav,03-01-02-01-02-02-07.wav,03,01,02,calm,01,normal,02,02,07,male,train,48000,1,PCM_16,169770,3.536875
ml/data/raw/ravdess/extracted/Actor_07/03-01-02-02-01-01-07.wav,03-01-02-02-01-01-07.wav,03,01,02,calm,02,strong,01,01,07,male,train,48000,1,PCM_16,192192,4.004000
ml/data/raw/ravdess/extracted/Actor_07/03-01-02-02-01-02-07.wav,03-01-02-02-01-02-07.wav,03,01,02,calm,02,strong,01,02,07,male,train,48000,1,PCM_16,185786,3.870542
ml/data/raw/ravdess/extracted/Actor_07/03-01-02-02-02-01-07.wav,03-01-02-02-02-01-07.wav,03,01,02,calm,02,strong,02,01,07,male,train,48000,1,PCM_16,205005,4.270937
ml/data/raw/ravdess/extracted/Actor_07/03-01-02-02-02-02-07.wav,03-01-02-02-02-02-07.wav,03,01,02,calm,02,strong,02,02,07,male,train,48000,1,PCM_16,196997,4.104104
ml/data/raw/ravdess/extracted/Actor_07/03-01-03-01-01-01-07.wav,03-01-03-01-01-01-07.wav,03,01,03,happy,01,normal,01,01,07,male,train,48000,1,PCM_16,168168,3.503500
ml/data/raw/ravdess/extracted/Actor_07/03-01-03-01-01-02-07.wav,03-01-03-01-01-02-07.wav,03,01,03,happy,01,normal,01,02,07,male,train,48000,1,PCM_16,166566,3.470125
ml/data/raw/ravdess/extracted/Actor_07/03-01-03-01-02-01-07.wav,03-01-03-01-02-01-07.wav,03,01,03,happy,01,normal,02,01,07,male,train,48000,1,PCM_16,163363,3.403396
ml/data/raw/ravdess/extracted/Actor_07/03-01-03-01-02-02-07.wav,03-01-03-01-02-02-07.wav,03,01,03,happy,01,normal,02,02,07,male,train,48000,1,PCM_16,163363,3.403396
ml/data/raw/ravdess/extracted/Actor_07/03-01-03-02-01-01-07.wav,03-01-03-02-01-01-07.wav,03,01,03,happy,02,strong,01,01,07,male,train,48000,1,PCM_16,196997,4.104104
ml/data/raw/ravdess/extracted/Actor_07/03-01-03-02-01-02-07.wav,03-01-03-02-01-02-07.wav,03,01,03,happy,02,strong,01,02,07,male,train,48000,1,PCM_16,193793,4.037354
ml/data/raw/ravdess/extracted/Actor_07/03-01-03-02-02-01-07.wav,03-01-03-02-02-01-07.wav,03,01,03,happy,02,strong,02,01,07,male,train,48000,1,PCM_16,193794,4.037375
ml/data/raw/ravdess/extracted/Actor_07/03-01-03-02-02-02-07.wav,03-01-03-02-02-02-07.wav,03,01,03,happy,02,strong,02,02,07,male,train,48000,1,PCM_16,184184,3.837167
ml/data/raw/ravdess/extracted/Actor_07/03-01-04-01-01-01-07.wav,03-01-04-01-01-01-07.wav,03,01,04,sad,01,normal,01,01,07,male,train,48000,1,PCM_16,169770,3.536875
ml/data/raw/ravdess/extracted/Actor_07/03-01-04-01-01-02-07.wav,03-01-04-01-01-02-07.wav,03,01,04,sad,01,normal,01,02,07,male,train,48000,1,PCM_16,172972,3.603583
ml/data/raw/ravdess/extracted/Actor_07/03-01-04-01-02-01-07.wav,03-01-04-01-02-01-07.wav,03,01,04,sad,01,normal,02,01,07,male,train,48000,1,PCM_16,169770,3.536875
ml/data/raw/ravdess/extracted/Actor_07/03-01-04-01-02-02-07.wav,03-01-04-01-02-02-07.wav,03,01,04,sad,01,normal,02,02,07,male,train,48000,1,PCM_16,185785,3.870521
ml/data/raw/ravdess/extracted/Actor_07/03-01-04-02-01-01-07.wav,03-01-04-02-01-01-07.wav,03,01,04,sad,02,strong,01,01,07,male,train,48000,1,PCM_16,188988,3.937250
ml/data/raw/ravdess/extracted/Actor_07/03-01-04-02-01-02-07.wav,03-01-04-02-01-02-07.wav,03,01,04,sad,02,strong,01,02,07,male,train,48000,1,PCM_16,184184,3.837167
ml/data/raw/ravdess/extracted/Actor_07/03-01-04-02-02-01-07.wav,03-01-04-02-02-01-07.wav,03,01,04,sad,02,strong,02,01,07,male,train,48000,1,PCM_16,174575,3.636979
ml/data/raw/ravdess/extracted/Actor_07/03-01-04-02-02-02-07.wav,03-01-04-02-02-02-07.wav,03,01,04,sad,02,strong,02,02,07,male,train,48000,1,PCM_16,184184,3.837167
ml/data/raw/ravdess/extracted/Actor_07/03-01-05-01-01-01-07.wav,03-01-05-01-01-01-07.wav,03,01,05,angry,01,normal,01,01,07,male,train,48000,1,PCM_16,192192,4.004000
ml/data/raw/ravdess/extracted/Actor_07/03-01-05-01-01-02-07.wav,03-01-05-01-01-02-07.wav,03,01,05,angry,01,normal,01,02,07,male,train,48000,1,PCM_16,190591,3.970646
ml/data/raw/ravdess/extracted/Actor_07/03-01-05-01-02-01-07.wav,03-01-05-01-02-01-07.wav,03,01,05,angry,01,normal,02,01,07,male,train,48000,1,PCM_16,192192,4.004000
ml/data/raw/ravdess/extracted/Actor_07/03-01-05-01-02-02-07.wav,03-01-05-01-02-02-07.wav,03,01,05,angry,01,normal,02,02,07,male,train,48000,1,PCM_16,192192,4.004000
ml/data/raw/ravdess/extracted/Actor_07/03-01-05-02-01-01-07.wav,03-01-05-02-01-01-07.wav,03,01,05,angry,02,strong,01,01,07,male,train,48000,1,PCM_16,172973,3.603604
ml/data/raw/ravdess/extracted/Actor_07/03-01-05-02-01-02-07.wav,03-01-05-02-01-02-07.wav,03,01,05,angry,02,strong,01,02,07,male,train,48000,1,PCM_16,192192,4.004000
ml/data/raw/ravdess/extracted/Actor_07/03-01-05-02-02-01-07.wav,03-01-05-02-02-01-07.wav,03,01,05,angry,02,strong,02,01,07,male,train,48000,1,PCM_16,184184,3.837167
ml/data/raw/ravdess/extracted/Actor_07/03-01-05-02-02-02-07.wav,03-01-05-02-02-02-07.wav,03,01,05,angry,02,strong,02,02,07,male,train,48000,1,PCM_16,208208,4.337667
ml/data/raw/ravdess/extracted/Actor_07/03-01-06-01-01-01-07.wav,03-01-06-01-01-01-07.wav,03,01,06,fearful,01,normal,01,01,07,male,train,48000,1,PCM_16,164965,3.436771
ml/data/raw/ravdess/extracted/Actor_07/03-01-06-01-01-02-07.wav,03-01-06-01-01-02-07.wav,03,01,06,fearful,01,normal,01,02,07,male,train,48000,1,PCM_16,168168,3.503500
ml/data/raw/ravdess/extracted/Actor_07/03-01-06-01-02-01-07.wav,03-01-06-01-02-01-07.wav,03,01,06,fearful,01,normal,02,01,07,male,train,48000,1,PCM_16,164965,3.436771
ml/data/raw/ravdess/extracted/Actor_07/03-01-06-01-02-02-07.wav,03-01-06-01-02-02-07.wav,03,01,06,fearful,01,normal,02,02,07,male,train,48000,1,PCM_16,161762,3.370042
ml/data/raw/ravdess/extracted/Actor_07/03-01-06-02-01-01-07.wav,03-01-06-02-01-01-07.wav,03,01,06,fearful,02,strong,01,01,07,male,train,48000,1,PCM_16,174575,3.636979
ml/data/raw/ravdess/extracted/Actor_07/03-01-06-02-01-02-07.wav,03-01-06-02-01-02-07.wav,03,01,06,fearful,02,strong,01,02,07,male,train,48000,1,PCM_16,166566,3.470125
ml/data/raw/ravdess/extracted/Actor_07/03-01-06-02-02-01-07.wav,03-01-06-02-02-01-07.wav,03,01,06,fearful,02,strong,02,01,07,male,train,48000,1,PCM_16,163363,3.403396
ml/data/raw/ravdess/extracted/Actor_07/03-01-06-02-02-02-07.wav,03-01-06-02-02-02-07.wav,03,01,06,fearful,02,strong,02,02,07,male,train,48000,1,PCM_16,168168,3.503500
ml/data/raw/ravdess/extracted/Actor_07/03-01-07-01-01-01-07.wav,03-01-07-01-01-01-07.wav,03,01,07,disgust,01,normal,01,01,07,male,train,48000,1,PCM_16,169769,3.536854
ml/data/raw/ravdess/extracted/Actor_07/03-01-07-01-01-02-07.wav,03-01-07-01-01-02-07.wav,03,01,07,disgust,01,normal,01,02,07,male,train,48000,1,PCM_16,168168,3.503500
ml/data/raw/ravdess/extracted/Actor_07/03-01-07-01-02-01-07.wav,03-01-07-01-02-01-07.wav,03,01,07,disgust,01,normal,02,01,07,male,train,48000,1,PCM_16,164965,3.436771
ml/data/raw/ravdess/extracted/Actor_07/03-01-07-01-02-02-07.wav,03-01-07-01-02-02-07.wav,03,01,07,disgust,01,normal,02,02,07,male,train,48000,1,PCM_16,169769,3.536854
ml/data/raw/ravdess/extracted/Actor_07/03-01-07-02-01-01-07.wav,03-01-07-02-01-01-07.wav,03,01,07,disgust,02,strong,01,01,07,male,train,48000,1,PCM_16,198599,4.137479
ml/data/raw/ravdess/extracted/Actor_07/03-01-07-02-01-02-07.wav,03-01-07-02-01-02-07.wav,03,01,07,disgust,02,strong,01,02,07,male,train,48000,1,PCM_16,211411,4.404396
ml/data/raw/ravdess/extracted/Actor_07/03-01-07-02-02-01-07.wav,03-01-07-02-02-01-07.wav,03,01,07,disgust,02,strong,02,01,07,male,train,48000,1,PCM_16,198598,4.137458
ml/data/raw/ravdess/extracted/Actor_07/03-01-07-02-02-02-07.wav,03-01-07-02-02-02-07.wav,03,01,07,disgust,02,strong,02,02,07,male,train,48000,1,PCM_16,229028,4.771417
ml/data/raw/ravdess/extracted/Actor_07/03-01-08-01-01-01-07.wav,03-01-08-01-01-01-07.wav,03,01,08,surprised,01,normal,01,01,07,male,train,48000,1,PCM_16,166566,3.470125
ml/data/raw/ravdess/extracted/Actor_07/03-01-08-01-01-02-07.wav,03-01-08-01-01-02-07.wav,03,01,08,surprised,01,normal,01,02,07,male,train,48000,1,PCM_16,169770,3.536875
ml/data/raw/ravdess/extracted/Actor_07/03-01-08-01-02-01-07.wav,03-01-08-01-02-01-07.wav,03,01,08,surprised,01,normal,02,01,07,male,train,48000,1,PCM_16,164965,3.436771
ml/data/raw/ravdess/extracted/Actor_07/03-01-08-01-02-02-07.wav,03-01-08-01-02-02-07.wav,03,01,08,surprised,01,normal,02,02,07,male,train,48000,1,PCM_16,164965,3.436771
ml/data/raw/ravdess/extracted/Actor_07/03-01-08-02-01-01-07.wav,03-01-08-02-01-01-07.wav,03,01,08,surprised,02,strong,01,01,07,male,train,48000,1,PCM_16,185786,3.870542
ml/data/raw/ravdess/extracted/Actor_07/03-01-08-02-01-02-07.wav,03-01-08-02-01-02-07.wav,03,01,08,surprised,02,strong,01,02,07,male,train,48000,1,PCM_16,174574,3.636958
ml/data/raw/ravdess/extracted/Actor_07/03-01-08-02-02-01-07.wav,03-01-08-02-02-01-07.wav,03,01,08,surprised,02,strong,02,01,07,male,train,48000,1,PCM_16,164965,3.436771
ml/data/raw/ravdess/extracted/Actor_07/03-01-08-02-02-02-07.wav,03-01-08-02-02-02-07.wav,03,01,08,surprised,02,strong,02,02,07,male,train,48000,1,PCM_16,166566,3.470125
ml/data/raw/ravdess/extracted/Actor_08/03-01-01-01-01-01-08.wav,03-01-01-01-01-01-08.wav,03,01,01,neutral,01,normal,01,01,08,female,train,48000,1,PCM_16,168168,3.503500
ml/data/raw/ravdess/extracted/Actor_08/03-01-01-01-01-02-08.wav,03-01-01-01-01-02-08.wav,03,01,01,neutral,01,normal,01,02,08,female,train,48000,1,PCM_16,174575,3.636979
ml/data/raw/ravdess/extracted/Actor_08/03-01-01-01-02-01-08.wav,03-01-01-01-02-01-08.wav,03,01,01,neutral,01,normal,02,01,08,female,train,48000,1,PCM_16,169769,3.536854
ml/data/raw/ravdess/extracted/Actor_08/03-01-01-01-02-02-08.wav,03-01-01-01-02-02-08.wav,03,01,01,neutral,01,normal,02,02,08,female,train,48000,1,PCM_16,168168,3.503500
ml/data/raw/ravdess/extracted/Actor_08/03-01-02-01-01-01-08.wav,03-01-02-01-01-01-08.wav,03,01,02,calm,01,normal,01,01,08,female,train,48000,1,PCM_16,172973,3.603604
ml/data/raw/ravdess/extracted/Actor_08/03-01-02-01-01-02-08.wav,03-01-02-01-01-02-08.wav,03,01,02,calm,01,normal,01,02,08,female,train,48000,1,PCM_16,163364,3.403417
ml/data/raw/ravdess/extracted/Actor_08/03-01-02-01-02-01-08.wav,03-01-02-01-02-01-08.wav,03,01,02,calm,01,normal,02,01,08,female,train,48000,1,PCM_16,166566,3.470125
ml/data/raw/ravdess/extracted/Actor_08/03-01-02-01-02-02-08.wav,03-01-02-01-02-02-08.wav,03,01,02,calm,01,normal,02,02,08,female,train,48000,1,PCM_16,166566,3.470125
ml/data/raw/ravdess/extracted/Actor_08/03-01-02-02-01-01-08.wav,03-01-02-02-01-01-08.wav,03,01,02,calm,02,strong,01,01,08,female,train,48000,1,PCM_16,174574,3.636958
ml/data/raw/ravdess/extracted/Actor_08/03-01-02-02-01-02-08.wav,03-01-02-02-01-02-08.wav,03,01,02,calm,02,strong,01,02,08,female,train,48000,1,PCM_16,179379,3.737062
ml/data/raw/ravdess/extracted/Actor_08/03-01-02-02-02-01-08.wav,03-01-02-02-02-01-08.wav,03,01,02,calm,02,strong,02,01,08,female,train,48000,1,PCM_16,176176,3.670333
ml/data/raw/ravdess/extracted/Actor_08/03-01-02-02-02-02-08.wav,03-01-02-02-02-02-08.wav,03,01,02,calm,02,strong,02,02,08,female,train,48000,1,PCM_16,182583,3.803812
ml/data/raw/ravdess/extracted/Actor_08/03-01-03-01-01-01-08.wav,03-01-03-01-01-01-08.wav,03,01,03,happy,01,normal,01,01,08,female,train,48000,1,PCM_16,168168,3.503500
ml/data/raw/ravdess/extracted/Actor_08/03-01-03-01-01-02-08.wav,03-01-03-01-01-02-08.wav,03,01,03,happy,01,normal,01,02,08,female,train,48000,1,PCM_16,164964,3.436750
ml/data/raw/ravdess/extracted/Actor_08/03-01-03-01-02-01-08.wav,03-01-03-01-02-01-08.wav,03,01,03,happy,01,normal,02,01,08,female,train,48000,1,PCM_16,166566,3.470125
ml/data/raw/ravdess/extracted/Actor_08/03-01-03-01-02-02-08.wav,03-01-03-01-02-02-08.wav,03,01,03,happy,01,normal,02,02,08,female,train,48000,1,PCM_16,164965,3.436771
ml/data/raw/ravdess/extracted/Actor_08/03-01-03-02-01-01-08.wav,03-01-03-02-01-01-08.wav,03,01,03,happy,02,strong,01,01,08,female,train,48000,1,PCM_16,180980,3.770417
ml/data/raw/ravdess/extracted/Actor_08/03-01-03-02-01-02-08.wav,03-01-03-02-01-02-08.wav,03,01,03,happy,02,strong,01,02,08,female,train,48000,1,PCM_16,187387,3.903896
ml/data/raw/ravdess/extracted/Actor_08/03-01-03-02-02-01-08.wav,03-01-03-02-02-01-08.wav,03,01,03,happy,02,strong,02,01,08,female,train,48000,1,PCM_16,184184,3.837167
ml/data/raw/ravdess/extracted/Actor_08/03-01-03-02-02-02-08.wav,03-01-03-02-02-02-08.wav,03,01,03,happy,02,strong,02,02,08,female,train,48000,1,PCM_16,188989,3.937271
ml/data/raw/ravdess/extracted/Actor_08/03-01-04-01-01-01-08.wav,03-01-04-01-01-01-08.wav,03,01,04,sad,01,normal,01,01,08,female,train,48000,1,PCM_16,201802,4.204208
ml/data/raw/ravdess/extracted/Actor_08/03-01-04-01-01-02-08.wav,03-01-04-01-01-02-08.wav,03,01,04,sad,01,normal,01,02,08,female,train,48000,1,PCM_16,185785,3.870521
ml/data/raw/ravdess/extracted/Actor_08/03-01-04-01-02-01-08.wav,03-01-04-01-02-01-08.wav,03,01,04,sad,01,normal,02,01,08,female,train,48000,1,PCM_16,171372,3.570250
ml/data/raw/ravdess/extracted/Actor_08/03-01-04-01-02-02-08.wav,03-01-04-01-02-02-08.wav,03,01,04,sad,01,normal,02,02,08,female,train,48000,1,PCM_16,172973,3.603604
ml/data/raw/ravdess/extracted/Actor_08/03-01-04-02-01-01-08.wav,03-01-04-02-01-01-08.wav,03,01,04,sad,02,strong,01,01,08,female,train,48000,1,PCM_16,180980,3.770417
ml/data/raw/ravdess/extracted/Actor_08/03-01-04-02-01-02-08.wav,03-01-04-02-01-02-08.wav,03,01,04,sad,02,strong,01,02,08,female,train,48000,1,PCM_16,188989,3.937271
ml/data/raw/ravdess/extracted/Actor_08/03-01-04-02-02-01-08.wav,03-01-04-02-02-01-08.wav,03,01,04,sad,02,strong,02,01,08,female,train,48000,1,PCM_16,176176,3.670333
ml/data/raw/ravdess/extracted/Actor_08/03-01-04-02-02-02-08.wav,03-01-04-02-02-02-08.wav,03,01,04,sad,02,strong,02,02,08,female,train,48000,1,PCM_16,177778,3.703708
ml/data/raw/ravdess/extracted/Actor_08/03-01-05-01-01-01-08.wav,03-01-05-01-01-01-08.wav,03,01,05,angry,01,normal,01,01,08,female,train,48000,1,PCM_16,177778,3.703708
ml/data/raw/ravdess/extracted/Actor_08/03-01-05-01-01-02-08.wav,03-01-05-01-01-02-08.wav,03,01,05,angry,01,normal,01,02,08,female,train,48000,1,PCM_16,172973,3.603604
ml/data/raw/ravdess/extracted/Actor_08/03-01-05-01-02-01-08.wav,03-01-05-01-02-01-08.wav,03,01,05,angry,01,normal,02,01,08,female,train,48000,1,PCM_16,169770,3.536875
ml/data/raw/ravdess/extracted/Actor_08/03-01-05-01-02-02-08.wav,03-01-05-01-02-02-08.wav,03,01,05,angry,01,normal,02,02,08,female,train,48000,1,PCM_16,171371,3.570229
ml/data/raw/ravdess/extracted/Actor_08/03-01-05-02-01-01-08.wav,03-01-05-02-01-01-08.wav,03,01,05,angry,02,strong,01,01,08,female,train,48000,1,PCM_16,190590,3.970625
ml/data/raw/ravdess/extracted/Actor_08/03-01-05-02-01-02-08.wav,03-01-05-02-01-02-08.wav,03,01,05,angry,02,strong,01,02,08,female,train,48000,1,PCM_16,180981,3.770437
ml/data/raw/ravdess/extracted/Actor_08/03-01-05-02-02-01-08.wav,03-01-05-02-02-01-08.wav,03,01,05,angry,02,strong,02,01,08,female,train,48000,1,PCM_16,172973,3.603604
ml/data/raw/ravdess/extracted/Actor_08/03-01-05-02-02-02-08.wav,03-01-05-02-02-02-08.wav,03,01,05,angry,02,strong,02,02,08,female,train,48000,1,PCM_16,174574,3.636958
ml/data/raw/ravdess/extracted/Actor_08/03-01-06-01-01-01-08.wav,03-01-06-01-01-01-08.wav,03,01,06,fearful,01,normal,01,01,08,female,train,48000,1,PCM_16,190591,3.970646
ml/data/raw/ravdess/extracted/Actor_08/03-01-06-01-01-02-08.wav,03-01-06-01-01-02-08.wav,03,01,06,fearful,01,normal,01,02,08,female,train,48000,1,PCM_16,176176,3.670333
ml/data/raw/ravdess/extracted/Actor_08/03-01-06-01-02-01-08.wav,03-01-06-01-02-01-08.wav,03,01,06,fearful,01,normal,02,01,08,female,train,48000,1,PCM_16,180981,3.770437
ml/data/raw/ravdess/extracted/Actor_08/03-01-06-01-02-02-08.wav,03-01-06-01-02-02-08.wav,03,01,06,fearful,01,normal,02,02,08,female,train,48000,1,PCM_16,176176,3.670333
ml/data/raw/ravdess/extracted/Actor_08/03-01-06-02-01-01-08.wav,03-01-06-02-01-01-08.wav,03,01,06,fearful,02,strong,01,01,08,female,train,48000,1,PCM_16,190590,3.970625
ml/data/raw/ravdess/extracted/Actor_08/03-01-06-02-01-02-08.wav,03-01-06-02-01-02-08.wav,03,01,06,fearful,02,strong,01,02,08,female,train,48000,1,PCM_16,187387,3.903896
ml/data/raw/ravdess/extracted/Actor_08/03-01-06-02-02-01-08.wav,03-01-06-02-02-01-08.wav,03,01,06,fearful,02,strong,02,01,08,female,train,48000,1,PCM_16,185785,3.870521
ml/data/raw/ravdess/extracted/Actor_08/03-01-06-02-02-02-08.wav,03-01-06-02-02-02-08.wav,03,01,06,fearful,02,strong,02,02,08,female,train,48000,1,PCM_16,188989,3.937271
ml/data/raw/ravdess/extracted/Actor_08/03-01-07-01-01-01-08.wav,03-01-07-01-01-01-08.wav,03,01,07,disgust,01,normal,01,01,08,female,train,48000,1,PCM_16,187387,3.903896
ml/data/raw/ravdess/extracted/Actor_08/03-01-07-01-01-02-08.wav,03-01-07-01-01-02-08.wav,03,01,07,disgust,01,normal,01,02,08,female,train,48000,1,PCM_16,176176,3.670333
ml/data/raw/ravdess/extracted/Actor_08/03-01-07-01-02-01-08.wav,03-01-07-01-02-01-08.wav,03,01,07,disgust,01,normal,02,01,08,female,train,48000,1,PCM_16,188989,3.937271
ml/data/raw/ravdess/extracted/Actor_08/03-01-07-01-02-02-08.wav,03-01-07-01-02-02-08.wav,03,01,07,disgust,01,normal,02,02,08,female,train,48000,1,PCM_16,184184,3.837167
ml/data/raw/ravdess/extracted/Actor_08/03-01-07-02-01-01-08.wav,03-01-07-02-01-01-08.wav,03,01,07,disgust,02,strong,01,01,08,female,train,48000,1,PCM_16,195395,4.070729
ml/data/raw/ravdess/extracted/Actor_08/03-01-07-02-01-02-08.wav,03-01-07-02-01-02-08.wav,03,01,07,disgust,02,strong,01,02,08,female,train,48000,1,PCM_16,180981,3.770437
ml/data/raw/ravdess/extracted/Actor_08/03-01-07-02-02-01-08.wav,03-01-07-02-02-01-08.wav,03,01,07,disgust,02,strong,02,01,08,female,train,48000,1,PCM_16,179380,3.737083
ml/data/raw/ravdess/extracted/Actor_08/03-01-07-02-02-02-08.wav,03-01-07-02-02-02-08.wav,03,01,07,disgust,02,strong,02,02,08,female,train,48000,1,PCM_16,185785,3.870521
ml/data/raw/ravdess/extracted/Actor_08/03-01-08-01-01-01-08.wav,03-01-08-01-01-01-08.wav,03,01,08,surprised,01,normal,01,01,08,female,train,48000,1,PCM_16,177778,3.703708
ml/data/raw/ravdess/extracted/Actor_08/03-01-08-01-01-02-08.wav,03-01-08-01-01-02-08.wav,03,01,08,surprised,01,normal,01,02,08,female,train,48000,1,PCM_16,182582,3.803792
ml/data/raw/ravdess/extracted/Actor_08/03-01-08-01-02-01-08.wav,03-01-08-01-02-01-08.wav,03,01,08,surprised,01,normal,02,01,08,female,train,48000,1,PCM_16,180981,3.770437
ml/data/raw/ravdess/extracted/Actor_08/03-01-08-01-02-02-08.wav,03-01-08-01-02-02-08.wav,03,01,08,surprised,01,normal,02,02,08,female,train,48000,1,PCM_16,169770,3.536875
ml/data/raw/ravdess/extracted/Actor_08/03-01-08-02-01-01-08.wav,03-01-08-02-01-01-08.wav,03,01,08,surprised,02,strong,01,01,08,female,train,48000,1,PCM_16,184184,3.837167
ml/data/raw/ravdess/extracted/Actor_08/03-01-08-02-01-02-08.wav,03-01-08-02-01-02-08.wav,03,01,08,surprised,02,strong,01,02,08,female,train,48000,1,PCM_16,177777,3.703688
ml/data/raw/ravdess/extracted/Actor_08/03-01-08-02-02-01-08.wav,03-01-08-02-02-01-08.wav,03,01,08,surprised,02,strong,02,01,08,female,train,48000,1,PCM_16,182582,3.803792
ml/data/raw/ravdess/extracted/Actor_08/03-01-08-02-02-02-08.wav,03-01-08-02-02-02-08.wav,03,01,08,surprised,02,strong,02,02,08,female,train,48000,1,PCM_16,185786,3.870542
ml/data/raw/ravdess/extracted/Actor_09/03-01-01-01-01-01-09.wav,03-01-01-01-01-01-09.wav,03,01,01,neutral,01,normal,01,01,09,male,train,48000,1,PCM_16,156957,3.269938
ml/data/raw/ravdess/extracted/Actor_09/03-01-01-01-01-02-09.wav,03-01-01-01-01-02-09.wav,03,01,01,neutral,01,normal,01,02,09,male,train,48000,1,PCM_16,153754,3.203208
ml/data/raw/ravdess/extracted/Actor_09/03-01-01-01-02-01-09.wav,03-01-01-01-02-01-09.wav,03,01,01,neutral,01,normal,02,01,09,male,train,48000,1,PCM_16,160160,3.336667
ml/data/raw/ravdess/extracted/Actor_09/03-01-01-01-02-02-09.wav,03-01-01-01-02-02-09.wav,03,01,01,neutral,01,normal,02,02,09,male,train,48000,1,PCM_16,155356,3.236583
ml/data/raw/ravdess/extracted/Actor_09/03-01-02-01-01-01-09.wav,03-01-02-01-01-01-09.wav,03,01,02,calm,01,normal,01,01,09,male,train,48000,1,PCM_16,160160,3.336667
ml/data/raw/ravdess/extracted/Actor_09/03-01-02-01-01-02-09.wav,03-01-02-01-01-02-09.wav,03,01,02,calm,01,normal,01,02,09,male,train,48000,1,PCM_16,160160,3.336667
ml/data/raw/ravdess/extracted/Actor_09/03-01-02-01-02-01-09.wav,03-01-02-01-02-01-09.wav,03,01,02,calm,01,normal,02,01,09,male,train,48000,1,PCM_16,166567,3.470146
ml/data/raw/ravdess/extracted/Actor_09/03-01-02-01-02-02-09.wav,03-01-02-01-02-02-09.wav,03,01,02,calm,01,normal,02,02,09,male,train,48000,1,PCM_16,171371,3.570229
ml/data/raw/ravdess/extracted/Actor_09/03-01-02-02-01-01-09.wav,03-01-02-02-01-01-09.wav,03,01,02,calm,02,strong,01,01,09,male,train,48000,1,PCM_16,160160,3.336667
ml/data/raw/ravdess/extracted/Actor_09/03-01-02-02-01-02-09.wav,03-01-02-02-01-02-09.wav,03,01,02,calm,02,strong,01,02,09,male,train,48000,1,PCM_16,164965,3.436771
ml/data/raw/ravdess/extracted/Actor_09/03-01-02-02-02-01-09.wav,03-01-02-02-02-01-09.wav,03,01,02,calm,02,strong,02,01,09,male,train,48000,1,PCM_16,182582,3.803792
ml/data/raw/ravdess/extracted/Actor_09/03-01-02-02-02-02-09.wav,03-01-02-02-02-02-09.wav,03,01,02,calm,02,strong,02,02,09,male,train,48000,1,PCM_16,174575,3.636979
ml/data/raw/ravdess/extracted/Actor_09/03-01-03-01-01-01-09.wav,03-01-03-01-01-01-09.wav,03,01,03,happy,01,normal,01,01,09,male,train,48000,1,PCM_16,160160,3.336667
ml/data/raw/ravdess/extracted/Actor_09/03-01-03-01-01-02-09.wav,03-01-03-01-01-02-09.wav,03,01,03,happy,01,normal,01,02,09,male,train,48000,1,PCM_16,169769,3.536854
ml/data/raw/ravdess/extracted/Actor_09/03-01-03-01-02-01-09.wav,03-01-03-01-02-01-09.wav,03,01,03,happy,01,normal,02,01,09,male,train,48000,1,PCM_16,158558,3.303292
ml/data/raw/ravdess/extracted/Actor_09/03-01-03-01-02-02-09.wav,03-01-03-01-02-02-09.wav,03,01,03,happy,01,normal,02,02,09,male,train,48000,1,PCM_16,166567,3.470146
ml/data/raw/ravdess/extracted/Actor_09/03-01-03-02-01-01-09.wav,03-01-03-02-01-01-09.wav,03,01,03,happy,02,strong,01,01,09,male,train,48000,1,PCM_16,180981,3.770437
ml/data/raw/ravdess/extracted/Actor_09/03-01-03-02-01-02-09.wav,03-01-03-02-01-02-09.wav,03,01,03,happy,02,strong,01,02,09,male,train,48000,1,PCM_16,200200,4.170833
ml/data/raw/ravdess/extracted/Actor_09/03-01-03-02-02-01-09.wav,03-01-03-02-02-01-09.wav,03,01,03,happy,02,strong,02,01,09,male,train,48000,1,PCM_16,171372,3.570250
ml/data/raw/ravdess/extracted/Actor_09/03-01-03-02-02-02-09.wav,03-01-03-02-02-02-09.wav,03,01,03,happy,02,strong,02,02,09,male,train,48000,1,PCM_16,171371,3.570229
ml/data/raw/ravdess/extracted/Actor_09/03-01-04-01-01-01-09.wav,03-01-04-01-01-01-09.wav,03,01,04,sad,01,normal,01,01,09,male,train,48000,1,PCM_16,156957,3.269938
ml/data/raw/ravdess/extracted/Actor_09/03-01-04-01-01-02-09.wav,03-01-04-01-01-02-09.wav,03,01,04,sad,01,normal,01,02,09,male,train,48000,1,PCM_16,164964,3.436750
ml/data/raw/ravdess/extracted/Actor_09/03-01-04-01-02-01-09.wav,03-01-04-01-02-01-09.wav,03,01,04,sad,01,normal,02,01,09,male,train,48000,1,PCM_16,163363,3.403396
ml/data/raw/ravdess/extracted/Actor_09/03-01-04-01-02-02-09.wav,03-01-04-01-02-02-09.wav,03,01,04,sad,01,normal,02,02,09,male,train,48000,1,PCM_16,163364,3.403417
ml/data/raw/ravdess/extracted/Actor_09/03-01-04-02-01-01-09.wav,03-01-04-02-01-01-09.wav,03,01,04,sad,02,strong,01,01,09,male,train,48000,1,PCM_16,188989,3.937271
ml/data/raw/ravdess/extracted/Actor_09/03-01-04-02-01-02-09.wav,03-01-04-02-01-02-09.wav,03,01,04,sad,02,strong,01,02,09,male,train,48000,1,PCM_16,187387,3.903896
ml/data/raw/ravdess/extracted/Actor_09/03-01-04-02-02-01-09.wav,03-01-04-02-02-01-09.wav,03,01,04,sad,02,strong,02,01,09,male,train,48000,1,PCM_16,174575,3.636979
ml/data/raw/ravdess/extracted/Actor_09/03-01-04-02-02-02-09.wav,03-01-04-02-02-02-09.wav,03,01,04,sad,02,strong,02,02,09,male,train,48000,1,PCM_16,185786,3.870542
ml/data/raw/ravdess/extracted/Actor_09/03-01-05-01-01-01-09.wav,03-01-05-01-01-01-09.wav,03,01,05,angry,01,normal,01,01,09,male,train,48000,1,PCM_16,171371,3.570229
ml/data/raw/ravdess/extracted/Actor_09/03-01-05-01-01-02-09.wav,03-01-05-01-01-02-09.wav,03,01,05,angry,01,normal,01,02,09,male,train,48000,1,PCM_16,171372,3.570250
ml/data/raw/ravdess/extracted/Actor_09/03-01-05-01-02-01-09.wav,03-01-05-01-02-01-09.wav,03,01,05,angry,01,normal,02,01,09,male,train,48000,1,PCM_16,179379,3.737062
ml/data/raw/ravdess/extracted/Actor_09/03-01-05-01-02-02-09.wav,03-01-05-01-02-02-09.wav,03,01,05,angry,01,normal,02,02,09,male,train,48000,1,PCM_16,169770,3.536875
ml/data/raw/ravdess/extracted/Actor_09/03-01-05-02-01-01-09.wav,03-01-05-02-01-01-09.wav,03,01,05,angry,02,strong,01,01,09,male,train,48000,1,PCM_16,182583,3.803812
ml/data/raw/ravdess/extracted/Actor_09/03-01-05-02-01-02-09.wav,03-01-05-02-01-02-09.wav,03,01,05,angry,02,strong,01,02,09,male,train,48000,1,PCM_16,180981,3.770437
ml/data/raw/ravdess/extracted/Actor_09/03-01-05-02-02-01-09.wav,03-01-05-02-02-01-09.wav,03,01,05,angry,02,strong,02,01,09,male,train,48000,1,PCM_16,209810,4.371042
ml/data/raw/ravdess/extracted/Actor_09/03-01-05-02-02-02-09.wav,03-01-05-02-02-02-09.wav,03,01,05,angry,02,strong,02,02,09,male,train,48000,1,PCM_16,190591,3.970646
ml/data/raw/ravdess/extracted/Actor_09/03-01-06-01-01-01-09.wav,03-01-06-01-01-01-09.wav,03,01,06,fearful,01,normal,01,01,09,male,train,48000,1,PCM_16,152152,3.169833
ml/data/raw/ravdess/extracted/Actor_09/03-01-06-01-01-02-09.wav,03-01-06-01-01-02-09.wav,03,01,06,fearful,01,normal,01,02,09,male,train,48000,1,PCM_16,152152,3.169833
ml/data/raw/ravdess/extracted/Actor_09/03-01-06-01-02-01-09.wav,03-01-06-01-02-01-09.wav,03,01,06,fearful,01,normal,02,01,09,male,train,48000,1,PCM_16,150551,3.136479
ml/data/raw/ravdess/extracted/Actor_09/03-01-06-01-02-02-09.wav,03-01-06-01-02-02-09.wav,03,01,06,fearful,01,normal,02,02,09,male,train,48000,1,PCM_16,150550,3.136458
ml/data/raw/ravdess/extracted/Actor_09/03-01-06-02-01-01-09.wav,03-01-06-02-01-01-09.wav,03,01,06,fearful,02,strong,01,01,09,male,train,48000,1,PCM_16,155355,3.236562
ml/data/raw/ravdess/extracted/Actor_09/03-01-06-02-01-02-09.wav,03-01-06-02-01-02-09.wav,03,01,06,fearful,02,strong,01,02,09,male,train,48000,1,PCM_16,156957,3.269938
ml/data/raw/ravdess/extracted/Actor_09/03-01-06-02-02-01-09.wav,03-01-06-02-02-01-09.wav,03,01,06,fearful,02,strong,02,01,09,male,train,48000,1,PCM_16,155355,3.236562
ml/data/raw/ravdess/extracted/Actor_09/03-01-06-02-02-02-09.wav,03-01-06-02-02-02-09.wav,03,01,06,fearful,02,strong,02,02,09,male,train,48000,1,PCM_16,155355,3.236562
ml/data/raw/ravdess/extracted/Actor_09/03-01-07-01-01-01-09.wav,03-01-07-01-01-01-09.wav,03,01,07,disgust,01,normal,01,01,09,male,train,48000,1,PCM_16,163363,3.403396
ml/data/raw/ravdess/extracted/Actor_09/03-01-07-01-01-02-09.wav,03-01-07-01-01-02-09.wav,03,01,07,disgust,01,normal,01,02,09,male,train,48000,1,PCM_16,168168,3.503500
ml/data/raw/ravdess/extracted/Actor_09/03-01-07-01-02-01-09.wav,03-01-07-01-02-01-09.wav,03,01,07,disgust,01,normal,02,01,09,male,train,48000,1,PCM_16,166566,3.470125
ml/data/raw/ravdess/extracted/Actor_09/03-01-07-01-02-02-09.wav,03-01-07-01-02-02-09.wav,03,01,07,disgust,01,normal,02,02,09,male,train,48000,1,PCM_16,163363,3.403396
ml/data/raw/ravdess/extracted/Actor_09/03-01-07-02-01-01-09.wav,03-01-07-02-01-01-09.wav,03,01,07,disgust,02,strong,01,01,09,male,train,48000,1,PCM_16,174575,3.636979
ml/data/raw/ravdess/extracted/Actor_09/03-01-07-02-01-02-09.wav,03-01-07-02-01-02-09.wav,03,01,07,disgust,02,strong,01,02,09,male,train,48000,1,PCM_16,169769,3.536854
ml/data/raw/ravdess/extracted/Actor_09/03-01-07-02-02-01-09.wav,03-01-07-02-02-01-09.wav,03,01,07,disgust,02,strong,02,01,09,male,train,48000,1,PCM_16,171371,3.570229
ml/data/raw/ravdess/extracted/Actor_09/03-01-07-02-02-02-09.wav,03-01-07-02-02-02-09.wav,03,01,07,disgust,02,strong,02,02,09,male,train,48000,1,PCM_16,172972,3.603583
ml/data/raw/ravdess/extracted/Actor_09/03-01-08-01-01-01-09.wav,03-01-08-01-01-01-09.wav,03,01,08,surprised,01,normal,01,01,09,male,train,48000,1,PCM_16,147347,3.069729
ml/data/raw/ravdess/extracted/Actor_09/03-01-08-01-01-02-09.wav,03-01-08-01-01-02-09.wav,03,01,08,surprised,01,normal,01,02,09,male,train,48000,1,PCM_16,160160,3.336667
ml/data/raw/ravdess/extracted/Actor_09/03-01-08-01-02-01-09.wav,03-01-08-01-02-01-09.wav,03,01,08,surprised,01,normal,02,01,09,male,train,48000,1,PCM_16,164965,3.436771
ml/data/raw/ravdess/extracted/Actor_09/03-01-08-01-02-02-09.wav,03-01-08-01-02-02-09.wav,03,01,08,surprised,01,normal,02,02,09,male,train,48000,1,PCM_16,164964,3.436750
ml/data/raw/ravdess/extracted/Actor_09/03-01-08-02-01-01-09.wav,03-01-08-02-01-01-09.wav,03,01,08,surprised,02,strong,01,01,09,male,train,48000,1,PCM_16,158558,3.303292
ml/data/raw/ravdess/extracted/Actor_09/03-01-08-02-01-02-09.wav,03-01-08-02-01-02-09.wav,03,01,08,surprised,02,strong,01,02,09,male,train,48000,1,PCM_16,156957,3.269938
ml/data/raw/ravdess/extracted/Actor_09/03-01-08-02-02-01-09.wav,03-01-08-02-02-01-09.wav,03,01,08,surprised,02,strong,02,01,09,male,train,48000,1,PCM_16,163363,3.403396
ml/data/raw/ravdess/extracted/Actor_09/03-01-08-02-02-02-09.wav,03-01-08-02-02-02-09.wav,03,01,08,surprised,02,strong,02,02,09,male,train,48000,1,PCM_16,164964,3.436750
ml/data/raw/ravdess/extracted/Actor_10/03-01-01-01-01-01-10.wav,03-01-01-01-01-01-10.wav,03,01,01,neutral,01,normal,01,01,10,female,train,48000,1,PCM_16,169770,3.536875
ml/data/raw/ravdess/extracted/Actor_10/03-01-01-01-01-02-10.wav,03-01-01-01-01-02-10.wav,03,01,01,neutral,01,normal,01,02,10,female,train,48000,1,PCM_16,184184,3.837167
ml/data/raw/ravdess/extracted/Actor_10/03-01-01-01-02-01-10.wav,03-01-01-01-02-01-10.wav,03,01,01,neutral,01,normal,02,01,10,female,train,48000,1,PCM_16,179379,3.737062
ml/data/raw/ravdess/extracted/Actor_10/03-01-01-01-02-02-10.wav,03-01-01-01-02-02-10.wav,03,01,01,neutral,01,normal,02,02,10,female,train,48000,1,PCM_16,176176,3.670333
ml/data/raw/ravdess/extracted/Actor_10/03-01-02-01-01-01-10.wav,03-01-02-01-01-01-10.wav,03,01,02,calm,01,normal,01,01,10,female,train,48000,1,PCM_16,171371,3.570229
ml/data/raw/ravdess/extracted/Actor_10/03-01-02-01-01-02-10.wav,03-01-02-01-01-02-10.wav,03,01,02,calm,01,normal,01,02,10,female,train,48000,1,PCM_16,172972,3.603583
ml/data/raw/ravdess/extracted/Actor_10/03-01-02-01-02-01-10.wav,03-01-02-01-02-01-10.wav,03,01,02,calm,01,normal,02,01,10,female,train,48000,1,PCM_16,174574,3.636958
ml/data/raw/ravdess/extracted/Actor_10/03-01-02-01-02-02-10.wav,03-01-02-01-02-02-10.wav,03,01,02,calm,01,normal,02,02,10,female,train,48000,1,PCM_16,177778,3.703708
ml/data/raw/ravdess/extracted/Actor_10/03-01-02-02-01-01-10.wav,03-01-02-02-01-01-10.wav,03,01,02,calm,02,strong,01,01,10,female,train,48000,1,PCM_16,179379,3.737062
ml/data/raw/ravdess/extracted/Actor_10/03-01-02-02-01-02-10.wav,03-01-02-02-01-02-10.wav,03,01,02,calm,02,strong,01,02,10,female,train,48000,1,PCM_16,179379,3.737062
ml/data/raw/ravdess/extracted/Actor_10/03-01-02-02-02-01-10.wav,03-01-02-02-02-01-10.wav,03,01,02,calm,02,strong,02,01,10,female,train,48000,1,PCM_16,182582,3.803792
ml/data/raw/ravdess/extracted/Actor_10/03-01-02-02-02-02-10.wav,03-01-02-02-02-02-10.wav,03,01,02,calm,02,strong,02,02,10,female,train,48000,1,PCM_16,184184,3.837167
ml/data/raw/ravdess/extracted/Actor_10/03-01-03-01-01-01-10.wav,03-01-03-01-01-01-10.wav,03,01,03,happy,01,normal,01,01,10,female,train,48000,1,PCM_16,168168,3.503500
ml/data/raw/ravdess/extracted/Actor_10/03-01-03-01-01-02-10.wav,03-01-03-01-01-02-10.wav,03,01,03,happy,01,normal,01,02,10,female,train,48000,1,PCM_16,166566,3.470125
ml/data/raw/ravdess/extracted/Actor_10/03-01-03-01-02-01-10.wav,03-01-03-01-02-01-10.wav,03,01,03,happy,01,normal,02,01,10,female,train,48000,1,PCM_16,158558,3.303292
ml/data/raw/ravdess/extracted/Actor_10/03-01-03-01-02-02-10.wav,03-01-03-01-02-02-10.wav,03,01,03,happy,01,normal,02,02,10,female,train,48000,1,PCM_16,160160,3.336667
ml/data/raw/ravdess/extracted/Actor_10/03-01-03-02-01-01-10.wav,03-01-03-02-01-01-10.wav,03,01,03,happy,02,strong,01,01,10,female,train,48000,1,PCM_16,184184,3.837167
ml/data/raw/ravdess/extracted/Actor_10/03-01-03-02-01-02-10.wav,03-01-03-02-01-02-10.wav,03,01,03,happy,02,strong,01,02,10,female,train,48000,1,PCM_16,168168,3.503500
ml/data/raw/ravdess/extracted/Actor_10/03-01-03-02-02-01-10.wav,03-01-03-02-02-01-10.wav,03,01,03,happy,02,strong,02,01,10,female,train,48000,1,PCM_16,179379,3.737062
ml/data/raw/ravdess/extracted/Actor_10/03-01-03-02-02-02-10.wav,03-01-03-02-02-02-10.wav,03,01,03,happy,02,strong,02,02,10,female,train,48000,1,PCM_16,190591,3.970646
ml/data/raw/ravdess/extracted/Actor_10/03-01-04-01-01-01-10.wav,03-01-04-01-01-01-10.wav,03,01,04,sad,01,normal,01,01,10,female,train,48000,1,PCM_16,158558,3.303292
ml/data/raw/ravdess/extracted/Actor_10/03-01-04-01-01-02-10.wav,03-01-04-01-01-02-10.wav,03,01,04,sad,01,normal,01,02,10,female,train,48000,1,PCM_16,166566,3.470125
ml/data/raw/ravdess/extracted/Actor_10/03-01-04-01-02-01-10.wav,03-01-04-01-02-01-10.wav,03,01,04,sad,01,normal,02,01,10,female,train,48000,1,PCM_16,169770,3.536875
ml/data/raw/ravdess/extracted/Actor_10/03-01-04-01-02-02-10.wav,03-01-04-01-02-02-10.wav,03,01,04,sad,01,normal,02,02,10,female,train,48000,1,PCM_16,182582,3.803792
ml/data/raw/ravdess/extracted/Actor_10/03-01-04-02-01-01-10.wav,03-01-04-02-01-01-10.wav,03,01,04,sad,02,strong,01,01,10,female,train,48000,1,PCM_16,168168,3.503500
ml/data/raw/ravdess/extracted/Actor_10/03-01-04-02-01-02-10.wav,03-01-04-02-01-02-10.wav,03,01,04,sad,02,strong,01,02,10,female,train,48000,1,PCM_16,171371,3.570229
ml/data/raw/ravdess/extracted/Actor_10/03-01-04-02-02-01-10.wav,03-01-04-02-02-01-10.wav,03,01,04,sad,02,strong,02,01,10,female,train,48000,1,PCM_16,176176,3.670333
ml/data/raw/ravdess/extracted/Actor_10/03-01-04-02-02-02-10.wav,03-01-04-02-02-02-10.wav,03,01,04,sad,02,strong,02,02,10,female,train,48000,1,PCM_16,171371,3.570229
ml/data/raw/ravdess/extracted/Actor_10/03-01-05-01-01-01-10.wav,03-01-05-01-01-01-10.wav,03,01,05,angry,01,normal,01,01,10,female,train,48000,1,PCM_16,187387,3.903896
ml/data/raw/ravdess/extracted/Actor_10/03-01-05-01-01-02-10.wav,03-01-05-01-01-02-10.wav,03,01,05,angry,01,normal,01,02,10,female,train,48000,1,PCM_16,192192,4.004000
ml/data/raw/ravdess/extracted/Actor_10/03-01-05-01-02-01-10.wav,03-01-05-01-02-01-10.wav,03,01,05,angry,01,normal,02,01,10,female,train,48000,1,PCM_16,196997,4.104104
ml/data/raw/ravdess/extracted/Actor_10/03-01-05-01-02-02-10.wav,03-01-05-01-02-02-10.wav,03,01,05,angry,01,normal,02,02,10,female,train,48000,1,PCM_16,198599,4.137479
ml/data/raw/ravdess/extracted/Actor_10/03-01-05-02-01-01-10.wav,03-01-05-02-01-01-10.wav,03,01,05,angry,02,strong,01,01,10,female,train,48000,1,PCM_16,200200,4.170833
ml/data/raw/ravdess/extracted/Actor_10/03-01-05-02-01-02-10.wav,03-01-05-02-01-02-10.wav,03,01,05,angry,02,strong,01,02,10,female,train,48000,1,PCM_16,214614,4.471125
ml/data/raw/ravdess/extracted/Actor_10/03-01-05-02-02-01-10.wav,03-01-05-02-02-01-10.wav,03,01,05,angry,02,strong,02,01,10,female,train,48000,1,PCM_16,185785,3.870521
ml/data/raw/ravdess/extracted/Actor_10/03-01-05-02-02-02-10.wav,03-01-05-02-02-02-10.wav,03,01,05,angry,02,strong,02,02,10,female,train,48000,1,PCM_16,198598,4.137458
ml/data/raw/ravdess/extracted/Actor_10/03-01-06-01-01-01-10.wav,03-01-06-01-01-01-10.wav,03,01,06,fearful,01,normal,01,01,10,female,train,48000,1,PCM_16,163364,3.403417
ml/data/raw/ravdess/extracted/Actor_10/03-01-06-01-01-02-10.wav,03-01-06-01-01-02-10.wav,03,01,06,fearful,01,normal,01,02,10,female,train,48000,1,PCM_16,158559,3.303313
ml/data/raw/ravdess/extracted/Actor_10/03-01-06-01-02-01-10.wav,03-01-06-01-02-01-10.wav,03,01,06,fearful,01,normal,02,01,10,female,train,48000,1,PCM_16,169769,3.536854
ml/data/raw/ravdess/extracted/Actor_10/03-01-06-01-02-02-10.wav,03-01-06-01-02-02-10.wav,03,01,06,fearful,01,normal,02,02,10,female,train,48000,1,PCM_16,164965,3.436771
ml/data/raw/ravdess/extracted/Actor_10/03-01-06-02-01-01-10.wav,03-01-06-02-01-01-10.wav,03,01,06,fearful,02,strong,01,01,10,female,train,48000,1,PCM_16,168168,3.503500
ml/data/raw/ravdess/extracted/Actor_10/03-01-06-02-01-02-10.wav,03-01-06-02-01-02-10.wav,03,01,06,fearful,02,strong,01,02,10,female,train,48000,1,PCM_16,177778,3.703708
ml/data/raw/ravdess/extracted/Actor_10/03-01-06-02-02-01-10.wav,03-01-06-02-02-01-10.wav,03,01,06,fearful,02,strong,02,01,10,female,train,48000,1,PCM_16,182582,3.803792
ml/data/raw/ravdess/extracted/Actor_10/03-01-06-02-02-02-10.wav,03-01-06-02-02-02-10.wav,03,01,06,fearful,02,strong,02,02,10,female,train,48000,1,PCM_16,185786,3.870542
ml/data/raw/ravdess/extracted/Actor_10/03-01-07-01-01-01-10.wav,03-01-07-01-01-01-10.wav,03,01,07,disgust,01,normal,01,01,10,female,train,48000,1,PCM_16,177778,3.703708
ml/data/raw/ravdess/extracted/Actor_10/03-01-07-01-01-02-10.wav,03-01-07-01-01-02-10.wav,03,01,07,disgust,01,normal,01,02,10,female,train,48000,1,PCM_16,201801,4.204187
ml/data/raw/ravdess/extracted/Actor_10/03-01-07-01-02-01-10.wav,03-01-07-01-02-01-10.wav,03,01,07,disgust,01,normal,02,01,10,female,train,48000,1,PCM_16,185786,3.870542
ml/data/raw/ravdess/extracted/Actor_10/03-01-07-01-02-02-10.wav,03-01-07-01-02-02-10.wav,03,01,07,disgust,01,normal,02,02,10,female,train,48000,1,PCM_16,205005,4.270937
ml/data/raw/ravdess/extracted/Actor_10/03-01-07-02-01-01-10.wav,03-01-07-02-01-01-10.wav,03,01,07,disgust,02,strong,01,01,10,female,train,48000,1,PCM_16,224224,4.671333
ml/data/raw/ravdess/extracted/Actor_10/03-01-07-02-01-02-10.wav,03-01-07-02-01-02-10.wav,03,01,07,disgust,02,strong,01,02,10,female,train,48000,1,PCM_16,217818,4.537875
ml/data/raw/ravdess/extracted/Actor_10/03-01-07-02-02-01-10.wav,03-01-07-02-02-01-10.wav,03,01,07,disgust,02,strong,02,01,10,female,train,48000,1,PCM_16,201801,4.204187
ml/data/raw/ravdess/extracted/Actor_10/03-01-07-02-02-02-10.wav,03-01-07-02-02-02-10.wav,03,01,07,disgust,02,strong,02,02,10,female,train,48000,1,PCM_16,233834,4.871542
ml/data/raw/ravdess/extracted/Actor_10/03-01-08-01-01-01-10.wav,03-01-08-01-01-01-10.wav,03,01,08,surprised,01,normal,01,01,10,female,train,48000,1,PCM_16,155355,3.236562
ml/data/raw/ravdess/extracted/Actor_10/03-01-08-01-01-02-10.wav,03-01-08-01-01-02-10.wav,03,01,08,surprised,01,normal,01,02,10,female,train,48000,1,PCM_16,163364,3.403417
ml/data/raw/ravdess/extracted/Actor_10/03-01-08-01-02-01-10.wav,03-01-08-01-02-01-10.wav,03,01,08,surprised,01,normal,02,01,10,female,train,48000,1,PCM_16,168168,3.503500
ml/data/raw/ravdess/extracted/Actor_10/03-01-08-01-02-02-10.wav,03-01-08-01-02-02-10.wav,03,01,08,surprised,01,normal,02,02,10,female,train,48000,1,PCM_16,166566,3.470125
ml/data/raw/ravdess/extracted/Actor_10/03-01-08-02-01-01-10.wav,03-01-08-02-01-01-10.wav,03,01,08,surprised,02,strong,01,01,10,female,train,48000,1,PCM_16,168168,3.503500
ml/data/raw/ravdess/extracted/Actor_10/03-01-08-02-01-02-10.wav,03-01-08-02-01-02-10.wav,03,01,08,surprised,02,strong,01,02,10,female,train,48000,1,PCM_16,163363,3.403396
ml/data/raw/ravdess/extracted/Actor_10/03-01-08-02-02-01-10.wav,03-01-08-02-02-01-10.wav,03,01,08,surprised,02,strong,02,01,10,female,train,48000,1,PCM_16,174574,3.636958
ml/data/raw/ravdess/extracted/Actor_10/03-01-08-02-02-02-10.wav,03-01-08-02-02-02-10.wav,03,01,08,surprised,02,strong,02,02,10,female,train,48000,1,PCM_16,168168,3.503500
ml/data/raw/ravdess/extracted/Actor_11/03-01-01-01-01-01-11.wav,03-01-01-01-01-01-11.wav,03,01,01,neutral,01,normal,01,01,11,male,train,48000,1,PCM_16,150551,3.136479
ml/data/raw/ravdess/extracted/Actor_11/03-01-01-01-01-02-11.wav,03-01-01-01-01-02-11.wav,03,01,01,neutral,01,normal,01,02,11,male,train,48000,1,PCM_16,148949,3.103104
ml/data/raw/ravdess/extracted/Actor_11/03-01-01-01-02-01-11.wav,03-01-01-01-02-01-11.wav,03,01,01,neutral,01,normal,02,01,11,male,train,48000,1,PCM_16,153754,3.203208
ml/data/raw/ravdess/extracted/Actor_11/03-01-01-01-02-02-11.wav,03-01-01-01-02-02-11.wav,03,01,01,neutral,01,normal,02,02,11,male,train,48000,1,PCM_16,152152,3.169833
ml/data/raw/ravdess/extracted/Actor_11/03-01-02-01-01-01-11.wav,03-01-02-01-01-01-11.wav,03,01,02,calm,01,normal,01,01,11,male,train,48000,1,PCM_16,156956,3.269917
ml/data/raw/ravdess/extracted/Actor_11/03-01-02-01-01-02-11.wav,03-01-02-01-01-02-11.wav,03,01,02,calm,01,normal,01,02,11,male,train,48000,1,PCM_16,160160,3.336667
ml/data/raw/ravdess/extracted/Actor_11/03-01-02-01-02-01-11.wav,03-01-02-01-02-01-11.wav,03,01,02,calm,01,normal,02,01,11,male,train,48000,1,PCM_16,160160,3.336667
ml/data/raw/ravdess/extracted/Actor_11/03-01-02-01-02-02-11.wav,03-01-02-01-02-02-11.wav,03,01,02,calm,01,normal,02,02,11,male,train,48000,1,PCM_16,176176,3.670333
ml/data/raw/ravdess/extracted/Actor_11/03-01-02-02-01-01-11.wav,03-01-02-02-01-01-11.wav,03,01,02,calm,02,strong,01,01,11,male,train,48000,1,PCM_16,184184,3.837167
ml/data/raw/ravdess/extracted/Actor_11/03-01-02-02-01-02-11.wav,03-01-02-02-01-02-11.wav,03,01,02,calm,02,strong,01,02,11,male,train,48000,1,PCM_16,179380,3.737083
ml/data/raw/ravdess/extracted/Actor_11/03-01-02-02-02-01-11.wav,03-01-02-02-02-01-11.wav,03,01,02,calm,02,strong,02,01,11,male,train,48000,1,PCM_16,180981,3.770437
ml/data/raw/ravdess/extracted/Actor_11/03-01-02-02-02-02-11.wav,03-01-02-02-02-02-11.wav,03,01,02,calm,02,strong,02,02,11,male,train,48000,1,PCM_16,184184,3.837167
ml/data/raw/ravdess/extracted/Actor_11/03-01-03-01-01-01-11.wav,03-01-03-01-01-01-11.wav,03,01,03,happy,01,normal,01,01,11,male,train,48000,1,PCM_16,148949,3.103104
ml/data/raw/ravdess/extracted/Actor_11/03-01-03-01-01-02-11.wav,03-01-03-01-01-02-11.wav,03,01,03,happy,01,normal,01,02,11,male,train,48000,1,PCM_16,153754,3.203208
ml/data/raw/ravdess/extracted/Actor_11/03-01-03-01-02-01-11.wav,03-01-03-01-02-01-11.wav,03,01,03,happy,01,normal,02,01,11,male,train,48000,1,PCM_16,152152,3.169833
ml/data/raw/ravdess/extracted/Actor_11/03-01-03-01-02-02-11.wav,03-01-03-01-02-02-11.wav,03,01,03,happy,01,normal,02,02,11,male,train,48000,1,PCM_16,155356,3.236583
ml/data/raw/ravdess/extracted/Actor_11/03-01-03-02-01-01-11.wav,03-01-03-02-01-01-11.wav,03,01,03,happy,02,strong,01,01,11,male,train,48000,1,PCM_16,193794,4.037375
ml/data/raw/ravdess/extracted/Actor_11/03-01-03-02-01-02-11.wav,03-01-03-02-01-02-11.wav,03,01,03,happy,02,strong,01,02,11,male,train,48000,1,PCM_16,174575,3.636979
ml/data/raw/ravdess/extracted/Actor_11/03-01-03-02-02-01-11.wav,03-01-03-02-02-01-11.wav,03,01,03,happy,02,strong,02,01,11,male,train,48000,1,PCM_16,185785,3.870521
ml/data/raw/ravdess/extracted/Actor_11/03-01-03-02-02-02-11.wav,03-01-03-02-02-02-11.wav,03,01,03,happy,02,strong,02,02,11,male,train,48000,1,PCM_16,168168,3.503500
ml/data/raw/ravdess/extracted/Actor_11/03-01-04-01-01-01-11.wav,03-01-04-01-01-01-11.wav,03,01,04,sad,01,normal,01,01,11,male,train,48000,1,PCM_16,160160,3.336667
ml/data/raw/ravdess/extracted/Actor_11/03-01-04-01-01-02-11.wav,03-01-04-01-01-02-11.wav,03,01,04,sad,01,normal,01,02,11,male,train,48000,1,PCM_16,172973,3.603604
ml/data/raw/ravdess/extracted/Actor_11/03-01-04-01-02-01-11.wav,03-01-04-01-02-01-11.wav,03,01,04,sad,01,normal,02,01,11,male,train,48000,1,PCM_16,169769,3.536854
ml/data/raw/ravdess/extracted/Actor_11/03-01-04-01-02-02-11.wav,03-01-04-01-02-02-11.wav,03,01,04,sad,01,normal,02,02,11,male,train,48000,1,PCM_16,164965,3.436771
ml/data/raw/ravdess/extracted/Actor_11/03-01-04-02-01-01-11.wav,03-01-04-02-01-01-11.wav,03,01,04,sad,02,strong,01,01,11,male,train,48000,1,PCM_16,160160,3.336667
ml/data/raw/ravdess/extracted/Actor_11/03-01-04-02-01-02-11.wav,03-01-04-02-01-02-11.wav,03,01,04,sad,02,strong,01,02,11,male,train,48000,1,PCM_16,172973,3.603604
ml/data/raw/ravdess/extracted/Actor_11/03-01-04-02-02-01-11.wav,03-01-04-02-02-01-11.wav,03,01,04,sad,02,strong,02,01,11,male,train,48000,1,PCM_16,161762,3.370042
ml/data/raw/ravdess/extracted/Actor_11/03-01-04-02-02-02-11.wav,03-01-04-02-02-02-11.wav,03,01,04,sad,02,strong,02,02,11,male,train,48000,1,PCM_16,160160,3.336667
ml/data/raw/ravdess/extracted/Actor_11/03-01-05-01-01-01-11.wav,03-01-05-01-01-01-11.wav,03,01,05,angry,01,normal,01,01,11,male,train,48000,1,PCM_16,172973,3.603604
ml/data/raw/ravdess/extracted/Actor_11/03-01-05-01-01-02-11.wav,03-01-05-01-01-02-11.wav,03,01,05,angry,01,normal,01,02,11,male,train,48000,1,PCM_16,166567,3.470146
ml/data/raw/ravdess/extracted/Actor_11/03-01-05-01-02-01-11.wav,03-01-05-01-02-01-11.wav,03,01,05,angry,01,normal,02,01,11,male,train,48000,1,PCM_16,166566,3.470125
ml/data/raw/ravdess/extracted/Actor_11/03-01-05-01-02-02-11.wav,03-01-05-01-02-02-11.wav,03,01,05,angry,01,normal,02,02,11,male,train,48000,1,PCM_16,179380,3.737083
ml/data/raw/ravdess/extracted/Actor_11/03-01-05-02-01-01-11.wav,03-01-05-02-01-01-11.wav,03,01,05,angry,02,strong,01,01,11,male,train,48000,1,PCM_16,169770,3.536875
ml/data/raw/ravdess/extracted/Actor_11/03-01-05-02-01-02-11.wav,03-01-05-02-01-02-11.wav,03,01,05,angry,02,strong,01,02,11,male,train,48000,1,PCM_16,190590,3.970625
ml/data/raw/ravdess/extracted/Actor_11/03-01-05-02-02-01-11.wav,03-01-05-02-02-01-11.wav,03,01,05,angry,02,strong,02,01,11,male,train,48000,1,PCM_16,188989,3.937271
ml/data/raw/ravdess/extracted/Actor_11/03-01-05-02-02-02-11.wav,03-01-05-02-02-02-11.wav,03,01,05,angry,02,strong,02,02,11,male,train,48000,1,PCM_16,180981,3.770437
ml/data/raw/ravdess/extracted/Actor_11/03-01-06-01-01-01-11.wav,03-01-06-01-01-01-11.wav,03,01,06,fearful,01,normal,01,01,11,male,train,48000,1,PCM_16,166566,3.470125
ml/data/raw/ravdess/extracted/Actor_11/03-01-06-01-01-02-11.wav,03-01-06-01-01-02-11.wav,03,01,06,fearful,01,normal,01,02,11,male,train,48000,1,PCM_16,168168,3.503500
ml/data/raw/ravdess/extracted/Actor_11/03-01-06-01-02-01-11.wav,03-01-06-01-02-01-11.wav,03,01,06,fearful,01,normal,02,01,11,male,train,48000,1,PCM_16,152152,3.169833
ml/data/raw/ravdess/extracted/Actor_11/03-01-06-01-02-02-11.wav,03-01-06-01-02-02-11.wav,03,01,06,fearful,01,normal,02,02,11,male,train,48000,1,PCM_16,153754,3.203208
ml/data/raw/ravdess/extracted/Actor_11/03-01-06-02-01-01-11.wav,03-01-06-02-01-01-11.wav,03,01,06,fearful,02,strong,01,01,11,male,train,48000,1,PCM_16,153754,3.203208
ml/data/raw/ravdess/extracted/Actor_11/03-01-06-02-01-02-11.wav,03-01-06-02-01-02-11.wav,03,01,06,fearful,02,strong,01,02,11,male,train,48000,1,PCM_16,153754,3.203208
ml/data/raw/ravdess/extracted/Actor_11/03-01-06-02-02-01-11.wav,03-01-06-02-02-01-11.wav,03,01,06,fearful,02,strong,02,01,11,male,train,48000,1,PCM_16,147348,3.069750
ml/data/raw/ravdess/extracted/Actor_11/03-01-06-02-02-02-11.wav,03-01-06-02-02-02-11.wav,03,01,06,fearful,02,strong,02,02,11,male,train,48000,1,PCM_16,150550,3.136458
ml/data/raw/ravdess/extracted/Actor_11/03-01-07-01-01-01-11.wav,03-01-07-01-01-01-11.wav,03,01,07,disgust,01,normal,01,01,11,male,train,48000,1,PCM_16,176176,3.670333
ml/data/raw/ravdess/extracted/Actor_11/03-01-07-01-01-02-11.wav,03-01-07-01-01-02-11.wav,03,01,07,disgust,01,normal,01,02,11,male,train,48000,1,PCM_16,172973,3.603604
ml/data/raw/ravdess/extracted/Actor_11/03-01-07-01-02-01-11.wav,03-01-07-01-02-01-11.wav,03,01,07,disgust,01,normal,02,01,11,male,train,48000,1,PCM_16,166566,3.470125
ml/data/raw/ravdess/extracted/Actor_11/03-01-07-01-02-02-11.wav,03-01-07-01-02-02-11.wav,03,01,07,disgust,01,normal,02,02,11,male,train,48000,1,PCM_16,176176,3.670333
ml/data/raw/ravdess/extracted/Actor_11/03-01-07-02-01-01-11.wav,03-01-07-02-01-01-11.wav,03,01,07,disgust,02,strong,01,01,11,male,train,48000,1,PCM_16,182583,3.803812
ml/data/raw/ravdess/extracted/Actor_11/03-01-07-02-01-02-11.wav,03-01-07-02-01-02-11.wav,03,01,07,disgust,02,strong,01,02,11,male,train,48000,1,PCM_16,182583,3.803812
ml/data/raw/ravdess/extracted/Actor_11/03-01-07-02-02-01-11.wav,03-01-07-02-02-01-11.wav,03,01,07,disgust,02,strong,02,01,11,male,train,48000,1,PCM_16,179379,3.737062
ml/data/raw/ravdess/extracted/Actor_11/03-01-07-02-02-02-11.wav,03-01-07-02-02-02-11.wav,03,01,07,disgust,02,strong,02,02,11,male,train,48000,1,PCM_16,179379,3.737062
ml/data/raw/ravdess/extracted/Actor_11/03-01-08-01-01-01-11.wav,03-01-08-01-01-01-11.wav,03,01,08,surprised,01,normal,01,01,11,male,train,48000,1,PCM_16,147347,3.069729
ml/data/raw/ravdess/extracted/Actor_11/03-01-08-01-01-02-11.wav,03-01-08-01-01-02-11.wav,03,01,08,surprised,01,normal,01,02,11,male,train,48000,1,PCM_16,150550,3.136458
ml/data/raw/ravdess/extracted/Actor_11/03-01-08-01-02-01-11.wav,03-01-08-01-02-01-11.wav,03,01,08,surprised,01,normal,02,01,11,male,train,48000,1,PCM_16,152152,3.169833
ml/data/raw/ravdess/extracted/Actor_11/03-01-08-01-02-02-11.wav,03-01-08-01-02-02-11.wav,03,01,08,surprised,01,normal,02,02,11,male,train,48000,1,PCM_16,142542,2.969625
ml/data/raw/ravdess/extracted/Actor_11/03-01-08-02-01-01-11.wav,03-01-08-02-01-01-11.wav,03,01,08,surprised,02,strong,01,01,11,male,train,48000,1,PCM_16,147347,3.069729
ml/data/raw/ravdess/extracted/Actor_11/03-01-08-02-01-02-11.wav,03-01-08-02-01-02-11.wav,03,01,08,surprised,02,strong,01,02,11,male,train,48000,1,PCM_16,148949,3.103104
ml/data/raw/ravdess/extracted/Actor_11/03-01-08-02-02-01-11.wav,03-01-08-02-02-01-11.wav,03,01,08,surprised,02,strong,02,01,11,male,train,48000,1,PCM_16,147347,3.069729
ml/data/raw/ravdess/extracted/Actor_11/03-01-08-02-02-02-11.wav,03-01-08-02-02-02-11.wav,03,01,08,surprised,02,strong,02,02,11,male,train,48000,1,PCM_16,147347,3.069729
ml/data/raw/ravdess/extracted/Actor_12/03-01-01-01-01-01-12.wav,03-01-01-01-01-01-12.wav,03,01,01,neutral,01,normal,01,01,12,female,train,48000,1,PCM_16,174574,3.636958
ml/data/raw/ravdess/extracted/Actor_12/03-01-01-01-01-02-12.wav,03-01-01-01-01-02-12.wav,03,01,01,neutral,01,normal,01,02,12,female,train,48000,1,PCM_16,169770,3.536875
ml/data/raw/ravdess/extracted/Actor_12/03-01-01-01-02-01-12.wav,03-01-01-01-02-01-12.wav,03,01,01,neutral,01,normal,02,01,12,female,train,48000,1,PCM_16,172973,3.603604
ml/data/raw/ravdess/extracted/Actor_12/03-01-01-01-02-02-12.wav,03-01-01-01-02-02-12.wav,03,01,01,neutral,01,normal,02,02,12,female,train,48000,1,PCM_16,174575,3.636979
ml/data/raw/ravdess/extracted/Actor_12/03-01-02-01-01-01-12.wav,03-01-02-01-01-01-12.wav,03,01,02,calm,01,normal,01,01,12,female,train,48000,1,PCM_16,185785,3.870521
ml/data/raw/ravdess/extracted/Actor_12/03-01-02-01-01-02-12.wav,03-01-02-01-01-02-12.wav,03,01,02,calm,01,normal,01,02,12,female,train,48000,1,PCM_16,180980,3.770417
ml/data/raw/ravdess/extracted/Actor_12/03-01-02-01-02-01-12.wav,03-01-02-01-02-01-12.wav,03,01,02,calm,01,normal,02,01,12,female,train,48000,1,PCM_16,180981,3.770437
ml/data/raw/ravdess/extracted/Actor_12/03-01-02-01-02-02-12.wav,03-01-02-01-02-02-12.wav,03,01,02,calm,01,normal,02,02,12,female,train,48000,1,PCM_16,176176,3.670333
ml/data/raw/ravdess/extracted/Actor_12/03-01-02-02-01-01-12.wav,03-01-02-02-01-01-12.wav,03,01,02,calm,02,strong,01,01,12,female,train,48000,1,PCM_16,190590,3.970625
ml/data/raw/ravdess/extracted/Actor_12/03-01-02-02-01-02-12.wav,03-01-02-02-01-02-12.wav,03,01,02,calm,02,strong,01,02,12,female,train,48000,1,PCM_16,180981,3.770437
ml/data/raw/ravdess/extracted/Actor_12/03-01-02-02-02-01-12.wav,03-01-02-02-02-01-12.wav,03,01,02,calm,02,strong,02,01,12,female,train,48000,1,PCM_16,179380,3.737083
ml/data/raw/ravdess/extracted/Actor_12/03-01-02-02-02-02-12.wav,03-01-02-02-02-02-12.wav,03,01,02,calm,02,strong,02,02,12,female,train,48000,1,PCM_16,182583,3.803812
ml/data/raw/ravdess/extracted/Actor_12/03-01-03-01-01-01-12.wav,03-01-03-01-01-01-12.wav,03,01,03,happy,01,normal,01,01,12,female,train,48000,1,PCM_16,177778,3.703708
ml/data/raw/ravdess/extracted/Actor_12/03-01-03-01-01-02-12.wav,03-01-03-01-01-02-12.wav,03,01,03,happy,01,normal,01,02,12,female,train,48000,1,PCM_16,179379,3.737062
ml/data/raw/ravdess/extracted/Actor_12/03-01-03-01-02-01-12.wav,03-01-03-01-02-01-12.wav,03,01,03,happy,01,normal,02,01,12,female,train,48000,1,PCM_16,168168,3.503500
ml/data/raw/ravdess/extracted/Actor_12/03-01-03-01-02-02-12.wav,03-01-03-01-02-02-12.wav,03,01,03,happy,01,normal,02,02,12,female,train,48000,1,PCM_16,179380,3.737083
ml/data/raw/ravdess/extracted/Actor_12/03-01-03-02-01-01-12.wav,03-01-03-02-01-01-12.wav,03,01,03,happy,02,strong,01,01,12,female,train,48000,1,PCM_16,201802,4.204208
ml/data/raw/ravdess/extracted/Actor_12/03-01-03-02-01-02-12.wav,03-01-03-02-01-02-12.wav,03,01,03,happy,02,strong,01,02,12,female,train,48000,1,PCM_16,198598,4.137458
ml/data/raw/ravdess/extracted/Actor_12/03-01-03-02-02-01-12.wav,03-01-03-02-02-01-12.wav,03,01,03,happy,02,strong,02,01,12,female,train,48000,1,PCM_16,187388,3.903917
ml/data/raw/ravdess/extracted/Actor_12/03-01-03-02-02-02-12.wav,03-01-03-02-02-02-12.wav,03,01,03,happy,02,strong,02,02,12,female,train,48000,1,PCM_16,190590,3.970625
ml/data/raw/ravdess/extracted/Actor_12/03-01-04-01-01-01-12.wav,03-01-04-01-01-01-12.wav,03,01,04,sad,01,normal,01,01,12,female,train,48000,1,PCM_16,176176,3.670333
ml/data/raw/ravdess/extracted/Actor_12/03-01-04-01-01-02-12.wav,03-01-04-01-01-02-12.wav,03,01,04,sad,01,normal,01,02,12,female,train,48000,1,PCM_16,172972,3.603583
ml/data/raw/ravdess/extracted/Actor_12/03-01-04-01-02-01-12.wav,03-01-04-01-02-01-12.wav,03,01,04,sad,01,normal,02,01,12,female,train,48000,1,PCM_16,176176,3.670333
ml/data/raw/ravdess/extracted/Actor_12/03-01-04-01-02-02-12.wav,03-01-04-01-02-02-12.wav,03,01,04,sad,01,normal,02,02,12,female,train,48000,1,PCM_16,171371,3.570229
ml/data/raw/ravdess/extracted/Actor_12/03-01-04-02-01-01-12.wav,03-01-04-02-01-01-12.wav,03,01,04,sad,02,strong,01,01,12,female,train,48000,1,PCM_16,185785,3.870521
ml/data/raw/ravdess/extracted/Actor_12/03-01-04-02-01-02-12.wav,03-01-04-02-01-02-12.wav,03,01,04,sad,02,strong,01,02,12,female,train,48000,1,PCM_16,180981,3.770437
ml/data/raw/ravdess/extracted/Actor_12/03-01-04-02-02-01-12.wav,03-01-04-02-02-01-12.wav,03,01,04,sad,02,strong,02,01,12,female,train,48000,1,PCM_16,182582,3.803792
ml/data/raw/ravdess/extracted/Actor_12/03-01-04-02-02-02-12.wav,03-01-04-02-02-02-12.wav,03,01,04,sad,02,strong,02,02,12,female,train,48000,1,PCM_16,185786,3.870542
ml/data/raw/ravdess/extracted/Actor_12/03-01-05-01-01-01-12.wav,03-01-05-01-01-01-12.wav,03,01,05,angry,01,normal,01,01,12,female,train,48000,1,PCM_16,205005,4.270937
ml/data/raw/ravdess/extracted/Actor_12/03-01-05-01-01-02-12.wav,03-01-05-01-01-02-12.wav,03,01,05,angry,01,normal,01,02,12,female,train,48000,1,PCM_16,190590,3.970625
ml/data/raw/ravdess/extracted/Actor_12/03-01-05-01-02-01-12.wav,03-01-05-01-02-01-12.wav,03,01,05,angry,01,normal,02,01,12,female,train,48000,1,PCM_16,179380,3.737083
ml/data/raw/ravdess/extracted/Actor_12/03-01-05-01-02-02-12.wav,03-01-05-01-02-02-12.wav,03,01,05,angry,01,normal,02,02,12,female,train,48000,1,PCM_16,198598,4.137458
ml/data/raw/ravdess/extracted/Actor_12/03-01-05-02-01-01-12.wav,03-01-05-02-01-01-12.wav,03,01,05,angry,02,strong,01,01,12,female,train,48000,1,PCM_16,174574,3.636958
ml/data/raw/ravdess/extracted/Actor_12/03-01-05-02-01-02-12.wav,03-01-05-02-01-02-12.wav,03,01,05,angry,02,strong,01,02,12,female,train,48000,1,PCM_16,176176,3.670333
ml/data/raw/ravdess/extracted/Actor_12/03-01-05-02-02-01-12.wav,03-01-05-02-02-01-12.wav,03,01,05,angry,02,strong,02,01,12,female,train,48000,1,PCM_16,182583,3.803812
ml/data/raw/ravdess/extracted/Actor_12/03-01-05-02-02-02-12.wav,03-01-05-02-02-02-12.wav,03,01,05,angry,02,strong,02,02,12,female,train,48000,1,PCM_16,184184,3.837167
ml/data/raw/ravdess/extracted/Actor_12/03-01-06-01-01-01-12.wav,03-01-06-01-01-01-12.wav,03,01,06,fearful,01,normal,01,01,12,female,train,48000,1,PCM_16,163364,3.403417
ml/data/raw/ravdess/extracted/Actor_12/03-01-06-01-01-02-12.wav,03-01-06-01-01-02-12.wav,03,01,06,fearful,01,normal,01,02,12,female,train,48000,1,PCM_16,168168,3.503500
ml/data/raw/ravdess/extracted/Actor_12/03-01-06-01-02-01-12.wav,03-01-06-01-02-01-12.wav,03,01,06,fearful,01,normal,02,01,12,female,train,48000,1,PCM_16,161761,3.370021
ml/data/raw/ravdess/extracted/Actor_12/03-01-06-01-02-02-12.wav,03-01-06-01-02-02-12.wav,03,01,06,fearful,01,normal,02,02,12,female,train,48000,1,PCM_16,153754,3.203208
ml/data/raw/ravdess/extracted/Actor_12/03-01-06-02-01-01-12.wav,03-01-06-02-01-01-12.wav,03,01,06,fearful,02,strong,01,01,12,female,train,48000,1,PCM_16,179380,3.737083
ml/data/raw/ravdess/extracted/Actor_12/03-01-06-02-01-02-12.wav,03-01-06-02-01-02-12.wav,03,01,06,fearful,02,strong,01,02,12,female,train,48000,1,PCM_16,177778,3.703708
ml/data/raw/ravdess/extracted/Actor_12/03-01-06-02-02-01-12.wav,03-01-06-02-02-01-12.wav,03,01,06,fearful,02,strong,02,01,12,female,train,48000,1,PCM_16,166567,3.470146
ml/data/raw/ravdess/extracted/Actor_12/03-01-06-02-02-02-12.wav,03-01-06-02-02-02-12.wav,03,01,06,fearful,02,strong,02,02,12,female,train,48000,1,PCM_16,176176,3.670333
ml/data/raw/ravdess/extracted/Actor_12/03-01-07-01-01-01-12.wav,03-01-07-01-01-01-12.wav,03,01,07,disgust,01,normal,01,01,12,female,train,48000,1,PCM_16,179379,3.737062
ml/data/raw/ravdess/extracted/Actor_12/03-01-07-01-01-02-12.wav,03-01-07-01-01-02-12.wav,03,01,07,disgust,01,normal,01,02,12,female,train,48000,1,PCM_16,177778,3.703708
ml/data/raw/ravdess/extracted/Actor_12/03-01-07-01-02-01-12.wav,03-01-07-01-02-01-12.wav,03,01,07,disgust,01,normal,02,01,12,female,train,48000,1,PCM_16,172973,3.603604
ml/data/raw/ravdess/extracted/Actor_12/03-01-07-01-02-02-12.wav,03-01-07-01-02-02-12.wav,03,01,07,disgust,01,normal,02,02,12,female,train,48000,1,PCM_16,177778,3.703708
ml/data/raw/ravdess/extracted/Actor_12/03-01-07-02-01-01-12.wav,03-01-07-02-01-01-12.wav,03,01,07,disgust,02,strong,01,01,12,female,train,48000,1,PCM_16,190591,3.970646
ml/data/raw/ravdess/extracted/Actor_12/03-01-07-02-01-02-12.wav,03-01-07-02-01-02-12.wav,03,01,07,disgust,02,strong,01,02,12,female,train,48000,1,PCM_16,217817,4.537854
ml/data/raw/ravdess/extracted/Actor_12/03-01-07-02-02-01-12.wav,03-01-07-02-02-01-12.wav,03,01,07,disgust,02,strong,02,01,12,female,train,48000,1,PCM_16,201802,4.204208
ml/data/raw/ravdess/extracted/Actor_12/03-01-07-02-02-02-12.wav,03-01-07-02-02-02-12.wav,03,01,07,disgust,02,strong,02,02,12,female,train,48000,1,PCM_16,190591,3.970646
ml/data/raw/ravdess/extracted/Actor_12/03-01-08-01-01-01-12.wav,03-01-08-01-01-01-12.wav,03,01,08,surprised,01,normal,01,01,12,female,train,48000,1,PCM_16,169770,3.536875
ml/data/raw/ravdess/extracted/Actor_12/03-01-08-01-01-02-12.wav,03-01-08-01-01-02-12.wav,03,01,08,surprised,01,normal,01,02,12,female,train,48000,1,PCM_16,174574,3.636958
ml/data/raw/ravdess/extracted/Actor_12/03-01-08-01-02-01-12.wav,03-01-08-01-02-01-12.wav,03,01,08,surprised,01,normal,02,01,12,female,train,48000,1,PCM_16,168168,3.503500
ml/data/raw/ravdess/extracted/Actor_12/03-01-08-01-02-02-12.wav,03-01-08-01-02-02-12.wav,03,01,08,surprised,01,normal,02,02,12,female,train,48000,1,PCM_16,172973,3.603604
ml/data/raw/ravdess/extracted/Actor_12/03-01-08-02-01-01-12.wav,03-01-08-02-01-01-12.wav,03,01,08,surprised,02,strong,01,01,12,female,train,48000,1,PCM_16,177777,3.703688
ml/data/raw/ravdess/extracted/Actor_12/03-01-08-02-01-02-12.wav,03-01-08-02-01-02-12.wav,03,01,08,surprised,02,strong,01,02,12,female,train,48000,1,PCM_16,179379,3.737062
ml/data/raw/ravdess/extracted/Actor_12/03-01-08-02-02-01-12.wav,03-01-08-02-02-01-12.wav,03,01,08,surprised,02,strong,02,01,12,female,train,48000,1,PCM_16,179379,3.737062
ml/data/raw/ravdess/extracted/Actor_12/03-01-08-02-02-02-12.wav,03-01-08-02-02-02-12.wav,03,01,08,surprised,02,strong,02,02,12,female,train,48000,1,PCM_16,176176,3.670333
ml/data/raw/ravdess/extracted/Actor_13/03-01-01-01-01-01-13.wav,03-01-01-01-01-01-13.wav,03,01,01,neutral,01,normal,01,01,13,male,train,48000,1,PCM_16,152152,3.169833
ml/data/raw/ravdess/extracted/Actor_13/03-01-01-01-01-02-13.wav,03-01-01-01-01-02-13.wav,03,01,01,neutral,01,normal,01,02,13,male,train,48000,1,PCM_16,153753,3.203187
ml/data/raw/ravdess/extracted/Actor_13/03-01-01-01-02-01-13.wav,03-01-01-01-02-01-13.wav,03,01,01,neutral,01,normal,02,01,13,male,train,48000,1,PCM_16,147347,3.069729
ml/data/raw/ravdess/extracted/Actor_13/03-01-01-01-02-02-13.wav,03-01-01-01-02-02-13.wav,03,01,01,neutral,01,normal,02,02,13,male,train,48000,1,PCM_16,150550,3.136458
ml/data/raw/ravdess/extracted/Actor_13/03-01-02-01-01-01-13.wav,03-01-02-01-01-01-13.wav,03,01,02,calm,01,normal,01,01,13,male,train,48000,1,PCM_16,158558,3.303292
ml/data/raw/ravdess/extracted/Actor_13/03-01-02-01-01-02-13.wav,03-01-02-01-01-02-13.wav,03,01,02,calm,01,normal,01,02,13,male,train,48000,1,PCM_16,152152,3.169833
ml/data/raw/ravdess/extracted/Actor_13/03-01-02-01-02-01-13.wav,03-01-02-01-02-01-13.wav,03,01,02,calm,01,normal,02,01,13,male,train,48000,1,PCM_16,150550,3.136458
ml/data/raw/ravdess/extracted/Actor_13/03-01-02-01-02-02-13.wav,03-01-02-01-02-02-13.wav,03,01,02,calm,01,normal,02,02,13,male,train,48000,1,PCM_16,140941,2.936271
ml/data/raw/ravdess/extracted/Actor_13/03-01-02-02-01-01-13.wav,03-01-02-02-01-01-13.wav,03,01,02,calm,02,strong,01,01,13,male,train,48000,1,PCM_16,150551,3.136479
ml/data/raw/ravdess/extracted/Actor_13/03-01-02-02-01-02-13.wav,03-01-02-02-01-02-13.wav,03,01,02,calm,02,strong,01,02,13,male,train,48000,1,PCM_16,153754,3.203208
ml/data/raw/ravdess/extracted/Actor_13/03-01-02-02-02-01-13.wav,03-01-02-02-02-01-13.wav,03,01,02,calm,02,strong,02,01,13,male,train,48000,1,PCM_16,144144,3.003000
ml/data/raw/ravdess/extracted/Actor_13/03-01-02-02-02-02-13.wav,03-01-02-02-02-02-13.wav,03,01,02,calm,02,strong,02,02,13,male,train,48000,1,PCM_16,145745,3.036354
ml/data/raw/ravdess/extracted/Actor_13/03-01-03-01-01-01-13.wav,03-01-03-01-01-01-13.wav,03,01,03,happy,01,normal,01,01,13,male,train,48000,1,PCM_16,155355,3.236562
ml/data/raw/ravdess/extracted/Actor_13/03-01-03-01-01-02-13.wav,03-01-03-01-01-02-13.wav,03,01,03,happy,01,normal,01,02,13,male,train,48000,1,PCM_16,153754,3.203208
ml/data/raw/ravdess/extracted/Actor_13/03-01-03-01-02-01-13.wav,03-01-03-01-02-01-13.wav,03,01,03,happy,01,normal,02,01,13,male,train,48000,1,PCM_16,150551,3.136479
ml/data/raw/ravdess/extracted/Actor_13/03-01-03-01-02-02-13.wav,03-01-03-01-02-02-13.wav,03,01,03,happy,01,normal,02,02,13,male,train,48000,1,PCM_16,153754,3.203208
ml/data/raw/ravdess/extracted/Actor_13/03-01-03-02-01-01-13.wav,03-01-03-02-01-01-13.wav,03,01,03,happy,02,strong,01,01,13,male,train,48000,1,PCM_16,164965,3.436771
ml/data/raw/ravdess/extracted/Actor_13/03-01-03-02-01-02-13.wav,03-01-03-02-01-02-13.wav,03,01,03,happy,02,strong,01,02,13,male,train,48000,1,PCM_16,172973,3.603604
ml/data/raw/ravdess/extracted/Actor_13/03-01-03-02-02-01-13.wav,03-01-03-02-02-01-13.wav,03,01,03,happy,02,strong,02,01,13,male,train,48000,1,PCM_16,161761,3.370021
ml/data/raw/ravdess/extracted/Actor_13/03-01-03-02-02-02-13.wav,03-01-03-02-02-02-13.wav,03,01,03,happy,02,strong,02,02,13,male,train,48000,1,PCM_16,160160,3.336667
ml/data/raw/ravdess/extracted/Actor_13/03-01-04-01-01-01-13.wav,03-01-04-01-01-01-13.wav,03,01,04,sad,01,normal,01,01,13,male,train,48000,1,PCM_16,171371,3.570229
ml/data/raw/ravdess/extracted/Actor_13/03-01-04-01-01-02-13.wav,03-01-04-01-01-02-13.wav,03,01,04,sad,01,normal,01,02,13,male,train,48000,1,PCM_16,169769,3.536854
ml/data/raw/ravdess/extracted/Actor_13/03-01-04-01-02-01-13.wav,03-01-04-01-02-01-13.wav,03,01,04,sad,01,normal,02,01,13,male,train,48000,1,PCM_16,164965,3.436771
ml/data/raw/ravdess/extracted/Actor_13/03-01-04-01-02-02-13.wav,03-01-04-01-02-02-13.wav,03,01,04,sad,01,normal,02,02,13,male,train,48000,1,PCM_16,161762,3.370042
ml/data/raw/ravdess/extracted/Actor_13/03-01-04-02-01-01-13.wav,03-01-04-02-01-01-13.wav,03,01,04,sad,02,strong,01,01,13,male,train,48000,1,PCM_16,160160,3.336667
ml/data/raw/ravdess/extracted/Actor_13/03-01-04-02-01-02-13.wav,03-01-04-02-01-02-13.wav,03,01,04,sad,02,strong,01,02,13,male,train,48000,1,PCM_16,158558,3.303292
ml/data/raw/ravdess/extracted/Actor_13/03-01-04-02-02-01-13.wav,03-01-04-02-02-01-13.wav,03,01,04,sad,02,strong,02,01,13,male,train,48000,1,PCM_16,164965,3.436771
ml/data/raw/ravdess/extracted/Actor_13/03-01-04-02-02-02-13.wav,03-01-04-02-02-02-13.wav,03,01,04,sad,02,strong,02,02,13,male,train,48000,1,PCM_16,153753,3.203187
ml/data/raw/ravdess/extracted/Actor_13/03-01-05-01-01-01-13.wav,03-01-05-01-01-01-13.wav,03,01,05,angry,01,normal,01,01,13,male,train,48000,1,PCM_16,164965,3.436771
ml/data/raw/ravdess/extracted/Actor_13/03-01-05-01-01-02-13.wav,03-01-05-01-01-02-13.wav,03,01,05,angry,01,normal,01,02,13,male,train,48000,1,PCM_16,169769,3.536854
ml/data/raw/ravdess/extracted/Actor_13/03-01-05-01-02-01-13.wav,03-01-05-01-02-01-13.wav,03,01,05,angry,01,normal,02,01,13,male,train,48000,1,PCM_16,172973,3.603604
ml/data/raw/ravdess/extracted/Actor_13/03-01-05-01-02-02-13.wav,03-01-05-01-02-02-13.wav,03,01,05,angry,01,normal,02,02,13,male,train,48000,1,PCM_16,161761,3.370021
ml/data/raw/ravdess/extracted/Actor_13/03-01-05-02-01-01-13.wav,03-01-05-02-01-01-13.wav,03,01,05,angry,02,strong,01,01,13,male,train,48000,1,PCM_16,176176,3.670333
ml/data/raw/ravdess/extracted/Actor_13/03-01-05-02-01-02-13.wav,03-01-05-02-01-02-13.wav,03,01,05,angry,02,strong,01,02,13,male,train,48000,1,PCM_16,205005,4.270937
ml/data/raw/ravdess/extracted/Actor_13/03-01-05-02-02-01-13.wav,03-01-05-02-02-01-13.wav,03,01,05,angry,02,strong,02,01,13,male,train,48000,1,PCM_16,171371,3.570229
ml/data/raw/ravdess/extracted/Actor_13/03-01-05-02-02-02-13.wav,03-01-05-02-02-02-13.wav,03,01,05,angry,02,strong,02,02,13,male,train,48000,1,PCM_16,200200,4.170833
ml/data/raw/ravdess/extracted/Actor_13/03-01-06-01-01-01-13.wav,03-01-06-01-01-01-13.wav,03,01,06,fearful,01,normal,01,01,13,male,train,48000,1,PCM_16,150551,3.136479
ml/data/raw/ravdess/extracted/Actor_13/03-01-06-01-01-02-13.wav,03-01-06-01-01-02-13.wav,03,01,06,fearful,01,normal,01,02,13,male,train,48000,1,PCM_16,152152,3.169833
ml/data/raw/ravdess/extracted/Actor_13/03-01-06-01-02-01-13.wav,03-01-06-01-02-01-13.wav,03,01,06,fearful,01,normal,02,01,13,male,train,48000,1,PCM_16,153754,3.203208
ml/data/raw/ravdess/extracted/Actor_13/03-01-06-01-02-02-13.wav,03-01-06-01-02-02-13.wav,03,01,06,fearful,01,normal,02,02,13,male,train,48000,1,PCM_16,155355,3.236562
ml/data/raw/ravdess/extracted/Actor_13/03-01-06-02-01-01-13.wav,03-01-06-02-01-01-13.wav,03,01,06,fearful,02,strong,01,01,13,male,train,48000,1,PCM_16,161762,3.370042
ml/data/raw/ravdess/extracted/Actor_13/03-01-06-02-01-02-13.wav,03-01-06-02-01-02-13.wav,03,01,06,fearful,02,strong,01,02,13,male,train,48000,1,PCM_16,156957,3.269938
ml/data/raw/ravdess/extracted/Actor_13/03-01-06-02-02-01-13.wav,03-01-06-02-02-01-13.wav,03,01,06,fearful,02,strong,02,01,13,male,train,48000,1,PCM_16,168168,3.503500
ml/data/raw/ravdess/extracted/Actor_13/03-01-06-02-02-02-13.wav,03-01-06-02-02-02-13.wav,03,01,06,fearful,02,strong,02,02,13,male,train,48000,1,PCM_16,153754,3.203208
ml/data/raw/ravdess/extracted/Actor_13/03-01-07-01-01-01-13.wav,03-01-07-01-01-01-13.wav,03,01,07,disgust,01,normal,01,01,13,male,train,48000,1,PCM_16,150550,3.136458
ml/data/raw/ravdess/extracted/Actor_13/03-01-07-01-01-02-13.wav,03-01-07-01-01-02-13.wav,03,01,07,disgust,01,normal,01,02,13,male,train,48000,1,PCM_16,152152,3.169833
ml/data/raw/ravdess/extracted/Actor_13/03-01-07-01-02-01-13.wav,03-01-07-01-02-01-13.wav,03,01,07,disgust,01,normal,02,01,13,male,train,48000,1,PCM_16,156957,3.269938
ml/data/raw/ravdess/extracted/Actor_13/03-01-07-01-02-02-13.wav,03-01-07-01-02-02-13.wav,03,01,07,disgust,01,normal,02,02,13,male,train,48000,1,PCM_16,155355,3.236562
ml/data/raw/ravdess/extracted/Actor_13/03-01-07-02-01-01-13.wav,03-01-07-02-01-01-13.wav,03,01,07,disgust,02,strong,01,01,13,male,train,48000,1,PCM_16,163363,3.403396
ml/data/raw/ravdess/extracted/Actor_13/03-01-07-02-01-02-13.wav,03-01-07-02-01-02-13.wav,03,01,07,disgust,02,strong,01,02,13,male,train,48000,1,PCM_16,177778,3.703708
ml/data/raw/ravdess/extracted/Actor_13/03-01-07-02-02-01-13.wav,03-01-07-02-02-01-13.wav,03,01,07,disgust,02,strong,02,01,13,male,train,48000,1,PCM_16,163363,3.403396
ml/data/raw/ravdess/extracted/Actor_13/03-01-07-02-02-02-13.wav,03-01-07-02-02-02-13.wav,03,01,07,disgust,02,strong,02,02,13,male,train,48000,1,PCM_16,164965,3.436771
ml/data/raw/ravdess/extracted/Actor_13/03-01-08-01-01-01-13.wav,03-01-08-01-01-01-13.wav,03,01,08,surprised,01,normal,01,01,13,male,train,48000,1,PCM_16,163363,3.403396
ml/data/raw/ravdess/extracted/Actor_13/03-01-08-01-01-02-13.wav,03-01-08-01-01-02-13.wav,03,01,08,surprised,01,normal,01,02,13,male,train,48000,1,PCM_16,150550,3.136458
ml/data/raw/ravdess/extracted/Actor_13/03-01-08-01-02-01-13.wav,03-01-08-01-02-01-13.wav,03,01,08,surprised,01,normal,02,01,13,male,train,48000,1,PCM_16,150551,3.136479
ml/data/raw/ravdess/extracted/Actor_13/03-01-08-01-02-02-13.wav,03-01-08-01-02-02-13.wav,03,01,08,surprised,01,normal,02,02,13,male,train,48000,1,PCM_16,145746,3.036375
ml/data/raw/ravdess/extracted/Actor_13/03-01-08-02-01-01-13.wav,03-01-08-02-01-01-13.wav,03,01,08,surprised,02,strong,01,01,13,male,train,48000,1,PCM_16,160160,3.336667
ml/data/raw/ravdess/extracted/Actor_13/03-01-08-02-01-02-13.wav,03-01-08-02-01-02-13.wav,03,01,08,surprised,02,strong,01,02,13,male,train,48000,1,PCM_16,158558,3.303292
ml/data/raw/ravdess/extracted/Actor_13/03-01-08-02-02-01-13.wav,03-01-08-02-02-01-13.wav,03,01,08,surprised,02,strong,02,01,13,male,train,48000,1,PCM_16,160160,3.336667
ml/data/raw/ravdess/extracted/Actor_13/03-01-08-02-02-02-13.wav,03-01-08-02-02-02-13.wav,03,01,08,surprised,02,strong,02,02,13,male,train,48000,1,PCM_16,158558,3.303292
ml/data/raw/ravdess/extracted/Actor_14/03-01-01-01-01-01-14.wav,03-01-01-01-01-01-14.wav,03,01,01,neutral,01,normal,01,01,14,female,train,48000,1,PCM_16,166566,3.470125
ml/data/raw/ravdess/extracted/Actor_14/03-01-01-01-01-02-14.wav,03-01-01-01-01-02-14.wav,03,01,01,neutral,01,normal,01,02,14,female,train,48000,1,PCM_16,160160,3.336667
ml/data/raw/ravdess/extracted/Actor_14/03-01-01-01-02-01-14.wav,03-01-01-01-02-01-14.wav,03,01,01,neutral,01,normal,02,01,14,female,train,48000,1,PCM_16,166567,3.470146
ml/data/raw/ravdess/extracted/Actor_14/03-01-01-01-02-02-14.wav,03-01-01-01-02-02-14.wav,03,01,01,neutral,01,normal,02,02,14,female,train,48000,1,PCM_16,171371,3.570229
ml/data/raw/ravdess/extracted/Actor_14/03-01-02-01-01-01-14.wav,03-01-02-01-01-01-14.wav,03,01,02,calm,01,normal,01,01,14,female,train,48000,1,PCM_16,179379,3.737062
ml/data/raw/ravdess/extracted/Actor_14/03-01-02-01-01-02-14.wav,03-01-02-01-01-02-14.wav,03,01,02,calm,01,normal,01,02,14,female,train,48000,1,PCM_16,171371,3.570229
ml/data/raw/ravdess/extracted/Actor_14/03-01-02-01-02-01-14.wav,03-01-02-01-02-01-14.wav,03,01,02,calm,01,normal,02,01,14,female,train,48000,1,PCM_16,163364,3.403417
ml/data/raw/ravdess/extracted/Actor_14/03-01-02-01-02-02-14.wav,03-01-02-01-02-02-14.wav,03,01,02,calm,01,normal,02,02,14,female,train,48000,1,PCM_16,168168,3.503500
ml/data/raw/ravdess/extracted/Actor_14/03-01-02-02-01-01-14.wav,03-01-02-02-01-01-14.wav,03,01,02,calm,02,strong,01,01,14,female,train,48000,1,PCM_16,185785,3.870521
ml/data/raw/ravdess/extracted/Actor_14/03-01-02-02-01-02-14.wav,03-01-02-02-01-02-14.wav,03,01,02,calm,02,strong,01,02,14,female,train,48000,1,PCM_16,187387,3.903896
ml/data/raw/ravdess/extracted/Actor_14/03-01-02-02-02-01-14.wav,03-01-02-02-02-01-14.wav,03,01,02,calm,02,strong,02,01,14,female,train,48000,1,PCM_16,179379,3.737062
ml/data/raw/ravdess/extracted/Actor_14/03-01-02-02-02-02-14.wav,03-01-02-02-02-02-14.wav,03,01,02,calm,02,strong,02,02,14,female,train,48000,1,PCM_16,180981,3.770437
ml/data/raw/ravdess/extracted/Actor_14/03-01-03-01-01-01-14.wav,03-01-03-01-01-01-14.wav,03,01,03,happy,01,normal,01,01,14,female,train,48000,1,PCM_16,177778,3.703708
ml/data/raw/ravdess/extracted/Actor_14/03-01-03-01-01-02-14.wav,03-01-03-01-01-02-14.wav,03,01,03,happy,01,normal,01,02,14,female,train,48000,1,PCM_16,176176,3.670333
ml/data/raw/ravdess/extracted/Actor_14/03-01-03-01-02-01-14.wav,03-01-03-01-02-01-14.wav,03,01,03,happy,01,normal,02,01,14,female,train,48000,1,PCM_16,163363,3.403396
ml/data/raw/ravdess/extracted/Actor_14/03-01-03-01-02-02-14.wav,03-01-03-01-02-02-14.wav,03,01,03,happy,01,normal,02,02,14,female,train,48000,1,PCM_16,166566,3.470125
ml/data/raw/ravdess/extracted/Actor_14/03-01-03-02-01-01-14.wav,03-01-03-02-01-01-14.wav,03,01,03,happy,02,strong,01,01,14,female,train,48000,1,PCM_16,180980,3.770417
ml/data/raw/ravdess/extracted/Actor_14/03-01-03-02-01-02-14.wav,03-01-03-02-01-02-14.wav,03,01,03,happy,02,strong,01,02,14,female,train,48000,1,PCM_16,179379,3.737062
ml/data/raw/ravdess/extracted/Actor_14/03-01-03-02-02-01-14.wav,03-01-03-02-02-01-14.wav,03,01,03,happy,02,strong,02,01,14,female,train,48000,1,PCM_16,184184,3.837167
ml/data/raw/ravdess/extracted/Actor_14/03-01-03-02-02-02-14.wav,03-01-03-02-02-02-14.wav,03,01,03,happy,02,strong,02,02,14,female,train,48000,1,PCM_16,179379,3.737062
ml/data/raw/ravdess/extracted/Actor_14/03-01-04-01-01-01-14.wav,03-01-04-01-01-01-14.wav,03,01,04,sad,01,normal,01,01,14,female,train,48000,1,PCM_16,179379,3.737062
ml/data/raw/ravdess/extracted/Actor_14/03-01-04-01-01-02-14.wav,03-01-04-01-01-02-14.wav,03,01,04,sad,01,normal,01,02,14,female,train,48000,1,PCM_16,172973,3.603604
ml/data/raw/ravdess/extracted/Actor_14/03-01-04-01-02-01-14.wav,03-01-04-01-02-01-14.wav,03,01,04,sad,01,normal,02,01,14,female,train,48000,1,PCM_16,172973,3.603604
ml/data/raw/ravdess/extracted/Actor_14/03-01-04-01-02-02-14.wav,03-01-04-01-02-02-14.wav,03,01,04,sad,01,normal,02,02,14,female,train,48000,1,PCM_16,169770,3.536875
ml/data/raw/ravdess/extracted/Actor_14/03-01-04-02-01-01-14.wav,03-01-04-02-01-01-14.wav,03,01,04,sad,02,strong,01,01,14,female,train,48000,1,PCM_16,185785,3.870521
ml/data/raw/ravdess/extracted/Actor_14/03-01-04-02-01-02-14.wav,03-01-04-02-01-02-14.wav,03,01,04,sad,02,strong,01,02,14,female,train,48000,1,PCM_16,176176,3.670333
ml/data/raw/ravdess/extracted/Actor_14/03-01-04-02-02-01-14.wav,03-01-04-02-02-01-14.wav,03,01,04,sad,02,strong,02,01,14,female,train,48000,1,PCM_16,176176,3.670333
ml/data/raw/ravdess/extracted/Actor_14/03-01-04-02-02-02-14.wav,03-01-04-02-02-02-14.wav,03,01,04,sad,02,strong,02,02,14,female,train,48000,1,PCM_16,187388,3.903917
ml/data/raw/ravdess/extracted/Actor_14/03-01-05-01-01-01-14.wav,03-01-05-01-01-01-14.wav,03,01,05,angry,01,normal,01,01,14,female,train,48000,1,PCM_16,172972,3.603583
ml/data/raw/ravdess/extracted/Actor_14/03-01-05-01-01-02-14.wav,03-01-05-01-01-02-14.wav,03,01,05,angry,01,normal,01,02,14,female,train,48000,1,PCM_16,177778,3.703708
ml/data/raw/ravdess/extracted/Actor_14/03-01-05-01-02-01-14.wav,03-01-05-01-02-01-14.wav,03,01,05,angry,01,normal,02,01,14,female,train,48000,1,PCM_16,179379,3.737062
ml/data/raw/ravdess/extracted/Actor_14/03-01-05-01-02-02-14.wav,03-01-05-01-02-02-14.wav,03,01,05,angry,01,normal,02,02,14,female,train,48000,1,PCM_16,187388,3.903917
ml/data/raw/ravdess/extracted/Actor_14/03-01-05-02-01-01-14.wav,03-01-05-02-01-01-14.wav,03,01,05,angry,02,strong,01,01,14,female,train,48000,1,PCM_16,205005,4.270937
ml/data/raw/ravdess/extracted/Actor_14/03-01-05-02-01-02-14.wav,03-01-05-02-01-02-14.wav,03,01,05,angry,02,strong,01,02,14,female,train,48000,1,PCM_16,209809,4.371021
ml/data/raw/ravdess/extracted/Actor_14/03-01-05-02-02-01-14.wav,03-01-05-02-02-01-14.wav,03,01,05,angry,02,strong,02,01,14,female,train,48000,1,PCM_16,200200,4.170833
ml/data/raw/ravdess/extracted/Actor_14/03-01-05-02-02-02-14.wav,03-01-05-02-02-02-14.wav,03,01,05,angry,02,strong,02,02,14,female,train,48000,1,PCM_16,211412,4.404417
ml/data/raw/ravdess/extracted/Actor_14/03-01-06-01-01-01-14.wav,03-01-06-01-01-01-14.wav,03,01,06,fearful,01,normal,01,01,14,female,train,48000,1,PCM_16,161761,3.370021
ml/data/raw/ravdess/extracted/Actor_14/03-01-06-01-01-02-14.wav,03-01-06-01-01-02-14.wav,03,01,06,fearful,01,normal,01,02,14,female,train,48000,1,PCM_16,171371,3.570229
ml/data/raw/ravdess/extracted/Actor_14/03-01-06-01-02-01-14.wav,03-01-06-01-02-01-14.wav,03,01,06,fearful,01,normal,02,01,14,female,train,48000,1,PCM_16,161762,3.370042
ml/data/raw/ravdess/extracted/Actor_14/03-01-06-01-02-02-14.wav,03-01-06-01-02-02-14.wav,03,01,06,fearful,01,normal,02,02,14,female,train,48000,1,PCM_16,161761,3.370021
ml/data/raw/ravdess/extracted/Actor_14/03-01-06-02-01-01-14.wav,03-01-06-02-01-01-14.wav,03,01,06,fearful,02,strong,01,01,14,female,train,48000,1,PCM_16,161761,3.370021
ml/data/raw/ravdess/extracted/Actor_14/03-01-06-02-01-02-14.wav,03-01-06-02-01-02-14.wav,03,01,06,fearful,02,strong,01,02,14,female,train,48000,1,PCM_16,163363,3.403396
ml/data/raw/ravdess/extracted/Actor_14/03-01-06-02-02-01-14.wav,03-01-06-02-02-01-14.wav,03,01,06,fearful,02,strong,02,01,14,female,train,48000,1,PCM_16,168168,3.503500
ml/data/raw/ravdess/extracted/Actor_14/03-01-06-02-02-02-14.wav,03-01-06-02-02-02-14.wav,03,01,06,fearful,02,strong,02,02,14,female,train,48000,1,PCM_16,166566,3.470125
ml/data/raw/ravdess/extracted/Actor_14/03-01-07-01-01-01-14.wav,03-01-07-01-01-01-14.wav,03,01,07,disgust,01,normal,01,01,14,female,train,48000,1,PCM_16,180980,3.770417
ml/data/raw/ravdess/extracted/Actor_14/03-01-07-01-01-02-14.wav,03-01-07-01-01-02-14.wav,03,01,07,disgust,01,normal,01,02,14,female,train,48000,1,PCM_16,174574,3.636958
ml/data/raw/ravdess/extracted/Actor_14/03-01-07-01-02-01-14.wav,03-01-07-01-02-01-14.wav,03,01,07,disgust,01,normal,02,01,14,female,train,48000,1,PCM_16,179379,3.737062
ml/data/raw/ravdess/extracted/Actor_14/03-01-07-01-02-02-14.wav,03-01-07-01-02-02-14.wav,03,01,07,disgust,01,normal,02,02,14,female,train,48000,1,PCM_16,180981,3.770437
ml/data/raw/ravdess/extracted/Actor_14/03-01-07-02-01-01-14.wav,03-01-07-02-01-01-14.wav,03,01,07,disgust,02,strong,01,01,14,female,train,48000,1,PCM_16,188988,3.937250
ml/data/raw/ravdess/extracted/Actor_14/03-01-07-02-01-02-14.wav,03-01-07-02-01-02-14.wav,03,01,07,disgust,02,strong,01,02,14,female,train,48000,1,PCM_16,179379,3.737062
ml/data/raw/ravdess/extracted/Actor_14/03-01-07-02-02-01-14.wav,03-01-07-02-02-01-14.wav,03,01,07,disgust,02,strong,02,01,14,female,train,48000,1,PCM_16,176176,3.670333
ml/data/raw/ravdess/extracted/Actor_14/03-01-07-02-02-02-14.wav,03-01-07-02-02-02-14.wav,03,01,07,disgust,02,strong,02,02,14,female,train,48000,1,PCM_16,182582,3.803792
ml/data/raw/ravdess/extracted/Actor_14/03-01-08-01-01-01-14.wav,03-01-08-01-01-01-14.wav,03,01,08,surprised,01,normal,01,01,14,female,train,48000,1,PCM_16,174575,3.636979
ml/data/raw/ravdess/extracted/Actor_14/03-01-08-01-01-02-14.wav,03-01-08-01-01-02-14.wav,03,01,08,surprised,01,normal,01,02,14,female,train,48000,1,PCM_16,171372,3.570250
ml/data/raw/ravdess/extracted/Actor_14/03-01-08-01-02-01-14.wav,03-01-08-01-02-01-14.wav,03,01,08,surprised,01,normal,02,01,14,female,train,48000,1,PCM_16,153754,3.203208
ml/data/raw/ravdess/extracted/Actor_14/03-01-08-01-02-02-14.wav,03-01-08-01-02-02-14.wav,03,01,08,surprised,01,normal,02,02,14,female,train,48000,1,PCM_16,158558,3.303292
ml/data/raw/ravdess/extracted/Actor_14/03-01-08-02-01-01-14.wav,03-01-08-02-01-01-14.wav,03,01,08,surprised,02,strong,01,01,14,female,train,48000,1,PCM_16,190590,3.970625
ml/data/raw/ravdess/extracted/Actor_14/03-01-08-02-01-02-14.wav,03-01-08-02-01-02-14.wav,03,01,08,surprised,02,strong,01,02,14,female,train,48000,1,PCM_16,177778,3.703708
ml/data/raw/ravdess/extracted/Actor_14/03-01-08-02-02-01-14.wav,03-01-08-02-02-01-14.wav,03,01,08,surprised,02,strong,02,01,14,female,train,48000,1,PCM_16,177778,3.703708
ml/data/raw/ravdess/extracted/Actor_14/03-01-08-02-02-02-14.wav,03-01-08-02-02-02-14.wav,03,01,08,surprised,02,strong,02,02,14,female,train,48000,1,PCM_16,179379,3.737062
ml/data/raw/ravdess/extracted/Actor_15/03-01-01-01-01-01-15.wav,03-01-01-01-01-01-15.wav,03,01,01,neutral,01,normal,01,01,15,male,train,48000,1,PCM_16,161762,3.370042
ml/data/raw/ravdess/extracted/Actor_15/03-01-01-01-01-02-15.wav,03-01-01-01-01-02-15.wav,03,01,01,neutral,01,normal,01,02,15,male,train,48000,1,PCM_16,164965,3.436771
ml/data/raw/ravdess/extracted/Actor_15/03-01-01-01-02-01-15.wav,03-01-01-01-02-01-15.wav,03,01,01,neutral,01,normal,02,01,15,male,train,48000,1,PCM_16,164964,3.436750
ml/data/raw/ravdess/extracted/Actor_15/03-01-01-01-02-02-15.wav,03-01-01-01-02-02-15.wav,03,01,01,neutral,01,normal,02,02,15,male,train,48000,1,PCM_16,163363,3.403396
ml/data/raw/ravdess/extracted/Actor_15/03-01-02-01-01-01-15.wav,03-01-02-01-01-01-15.wav,03,01,02,calm,01,normal,01,01,15,male,train,48000,1,PCM_16,171372,3.570250
ml/data/raw/ravdess/extracted/Actor_15/03-01-02-01-01-02-15.wav,03-01-02-01-01-02-15.wav,03,01,02,calm,01,normal,01,02,15,male,train,48000,1,PCM_16,171371,3.570229
ml/data/raw/ravdess/extracted/Actor_15/03-01-02-01-02-01-15.wav,03-01-02-01-02-01-15.wav,03,01,02,calm,01,normal,02,01,15,male,train,48000,1,PCM_16,179379,3.737062
ml/data/raw/ravdess/extracted/Actor_15/03-01-02-01-02-02-15.wav,03-01-02-01-02-02-15.wav,03,01,02,calm,01,normal,02,02,15,male,train,48000,1,PCM_16,171371,3.570229
ml/data/raw/ravdess/extracted/Actor_15/03-01-02-02-01-01-15.wav,03-01-02-02-01-01-15.wav,03,01,02,calm,02,strong,01,01,15,male,train,48000,1,PCM_16,176176,3.670333
ml/data/raw/ravdess/extracted/Actor_15/03-01-02-02-01-02-15.wav,03-01-02-02-01-02-15.wav,03,01,02,calm,02,strong,01,02,15,male,train,48000,1,PCM_16,182583,3.803812
ml/data/raw/ravdess/extracted/Actor_15/03-01-02-02-02-01-15.wav,03-01-02-02-02-01-15.wav,03,01,02,calm,02,strong,02,01,15,male,train,48000,1,PCM_16,188989,3.937271
ml/data/raw/ravdess/extracted/Actor_15/03-01-02-02-02-02-15.wav,03-01-02-02-02-02-15.wav,03,01,02,calm,02,strong,02,02,15,male,train,48000,1,PCM_16,172972,3.603583
ml/data/raw/ravdess/extracted/Actor_15/03-01-03-01-01-01-15.wav,03-01-03-01-01-01-15.wav,03,01,03,happy,01,normal,01,01,15,male,train,48000,1,PCM_16,163363,3.403396
ml/data/raw/ravdess/extracted/Actor_15/03-01-03-01-01-02-15.wav,03-01-03-01-01-02-15.wav,03,01,03,happy,01,normal,01,02,15,male,train,48000,1,PCM_16,160160,3.336667
ml/data/raw/ravdess/extracted/Actor_15/03-01-03-01-02-01-15.wav,03-01-03-01-02-01-15.wav,03,01,03,happy,01,normal,02,01,15,male,train,48000,1,PCM_16,160160,3.336667
ml/data/raw/ravdess/extracted/Actor_15/03-01-03-01-02-02-15.wav,03-01-03-01-02-02-15.wav,03,01,03,happy,01,normal,02,02,15,male,train,48000,1,PCM_16,164965,3.436771
ml/data/raw/ravdess/extracted/Actor_15/03-01-03-02-01-01-15.wav,03-01-03-02-01-01-15.wav,03,01,03,happy,02,strong,01,01,15,male,train,48000,1,PCM_16,171371,3.570229
ml/data/raw/ravdess/extracted/Actor_15/03-01-03-02-01-02-15.wav,03-01-03-02-01-02-15.wav,03,01,03,happy,02,strong,01,02,15,male,train,48000,1,PCM_16,166566,3.470125
ml/data/raw/ravdess/extracted/Actor_15/03-01-03-02-02-01-15.wav,03-01-03-02-02-01-15.wav,03,01,03,happy,02,strong,02,01,15,male,train,48000,1,PCM_16,182582,3.803792
ml/data/raw/ravdess/extracted/Actor_15/03-01-03-02-02-02-15.wav,03-01-03-02-02-02-15.wav,03,01,03,happy,02,strong,02,02,15,male,train,48000,1,PCM_16,161762,3.370042
ml/data/raw/ravdess/extracted/Actor_15/03-01-04-01-01-01-15.wav,03-01-04-01-01-01-15.wav,03,01,04,sad,01,normal,01,01,15,male,train,48000,1,PCM_16,168168,3.503500
ml/data/raw/ravdess/extracted/Actor_15/03-01-04-01-01-02-15.wav,03-01-04-01-01-02-15.wav,03,01,04,sad,01,normal,01,02,15,male,train,48000,1,PCM_16,158558,3.303292
ml/data/raw/ravdess/extracted/Actor_15/03-01-04-01-02-01-15.wav,03-01-04-01-02-01-15.wav,03,01,04,sad,01,normal,02,01,15,male,train,48000,1,PCM_16,158559,3.303313
ml/data/raw/ravdess/extracted/Actor_15/03-01-04-01-02-02-15.wav,03-01-04-01-02-02-15.wav,03,01,04,sad,01,normal,02,02,15,male,train,48000,1,PCM_16,161761,3.370021
ml/data/raw/ravdess/extracted/Actor_15/03-01-04-02-01-01-15.wav,03-01-04-02-01-01-15.wav,03,01,04,sad,02,strong,01,01,15,male,train,48000,1,PCM_16,156956,3.269917
ml/data/raw/ravdess/extracted/Actor_15/03-01-04-02-01-02-15.wav,03-01-04-02-01-02-15.wav,03,01,04,sad,02,strong,01,02,15,male,train,48000,1,PCM_16,163363,3.403396
ml/data/raw/ravdess/extracted/Actor_15/03-01-04-02-02-01-15.wav,03-01-04-02-02-01-15.wav,03,01,04,sad,02,strong,02,01,15,male,train,48000,1,PCM_16,169770,3.536875
ml/data/raw/ravdess/extracted/Actor_15/03-01-04-02-02-02-15.wav,03-01-04-02-02-02-15.wav,03,01,04,sad,02,strong,02,02,15,male,train,48000,1,PCM_16,164965,3.436771
ml/data/raw/ravdess/extracted/Actor_15/03-01-05-01-01-01-15.wav,03-01-05-01-01-01-15.wav,03,01,05,angry,01,normal,01,01,15,male,train,48000,1,PCM_16,174575,3.636979
ml/data/raw/ravdess/extracted/Actor_15/03-01-05-01-01-02-15.wav,03-01-05-01-01-02-15.wav,03,01,05,angry,01,normal,01,02,15,male,train,48000,1,PCM_16,172973,3.603604
ml/data/raw/ravdess/extracted/Actor_15/03-01-05-01-02-01-15.wav,03-01-05-01-02-01-15.wav,03,01,05,angry,01,normal,02,01,15,male,train,48000,1,PCM_16,177778,3.703708
ml/data/raw/ravdess/extracted/Actor_15/03-01-05-01-02-02-15.wav,03-01-05-01-02-02-15.wav,03,01,05,angry,01,normal,02,02,15,male,train,48000,1,PCM_16,169770,3.536875
ml/data/raw/ravdess/extracted/Actor_15/03-01-05-02-01-01-15.wav,03-01-05-02-01-01-15.wav,03,01,05,angry,02,strong,01,01,15,male,train,48000,1,PCM_16,169770,3.536875
ml/data/raw/ravdess/extracted/Actor_15/03-01-05-02-01-02-15.wav,03-01-05-02-01-02-15.wav,03,01,05,angry,02,strong,01,02,15,male,train,48000,1,PCM_16,179380,3.737083
ml/data/raw/ravdess/extracted/Actor_15/03-01-05-02-02-01-15.wav,03-01-05-02-02-01-15.wav,03,01,05,angry,02,strong,02,01,15,male,train,48000,1,PCM_16,166567,3.470146
ml/data/raw/ravdess/extracted/Actor_15/03-01-05-02-02-02-15.wav,03-01-05-02-02-02-15.wav,03,01,05,angry,02,strong,02,02,15,male,train,48000,1,PCM_16,172973,3.603604
ml/data/raw/ravdess/extracted/Actor_15/03-01-06-01-01-01-15.wav,03-01-06-01-01-01-15.wav,03,01,06,fearful,01,normal,01,01,15,male,train,48000,1,PCM_16,158558,3.303292
ml/data/raw/ravdess/extracted/Actor_15/03-01-06-01-01-02-15.wav,03-01-06-01-01-02-15.wav,03,01,06,fearful,01,normal,01,02,15,male,train,48000,1,PCM_16,158559,3.303313
ml/data/raw/ravdess/extracted/Actor_15/03-01-06-01-02-01-15.wav,03-01-06-01-02-01-15.wav,03,01,06,fearful,01,normal,02,01,15,male,train,48000,1,PCM_16,156957,3.269938
ml/data/raw/ravdess/extracted/Actor_15/03-01-06-01-02-02-15.wav,03-01-06-01-02-02-15.wav,03,01,06,fearful,01,normal,02,02,15,male,train,48000,1,PCM_16,158558,3.303292
ml/data/raw/ravdess/extracted/Actor_15/03-01-06-02-01-01-15.wav,03-01-06-02-01-01-15.wav,03,01,06,fearful,02,strong,01,01,15,male,train,48000,1,PCM_16,160160,3.336667
ml/data/raw/ravdess/extracted/Actor_15/03-01-06-02-01-02-15.wav,03-01-06-02-01-02-15.wav,03,01,06,fearful,02,strong,01,02,15,male,train,48000,1,PCM_16,166567,3.470146
ml/data/raw/ravdess/extracted/Actor_15/03-01-06-02-02-01-15.wav,03-01-06-02-02-01-15.wav,03,01,06,fearful,02,strong,02,01,15,male,train,48000,1,PCM_16,161761,3.370021
ml/data/raw/ravdess/extracted/Actor_15/03-01-06-02-02-02-15.wav,03-01-06-02-02-02-15.wav,03,01,06,fearful,02,strong,02,02,15,male,train,48000,1,PCM_16,168168,3.503500
ml/data/raw/ravdess/extracted/Actor_15/03-01-07-01-01-01-15.wav,03-01-07-01-01-01-15.wav,03,01,07,disgust,01,normal,01,01,15,male,train,48000,1,PCM_16,179379,3.737062
ml/data/raw/ravdess/extracted/Actor_15/03-01-07-01-01-02-15.wav,03-01-07-01-01-02-15.wav,03,01,07,disgust,01,normal,01,02,15,male,train,48000,1,PCM_16,174574,3.636958
ml/data/raw/ravdess/extracted/Actor_15/03-01-07-01-02-01-15.wav,03-01-07-01-02-01-15.wav,03,01,07,disgust,01,normal,02,01,15,male,train,48000,1,PCM_16,176176,3.670333
ml/data/raw/ravdess/extracted/Actor_15/03-01-07-01-02-02-15.wav,03-01-07-01-02-02-15.wav,03,01,07,disgust,01,normal,02,02,15,male,train,48000,1,PCM_16,195395,4.070729
ml/data/raw/ravdess/extracted/Actor_15/03-01-07-02-01-01-15.wav,03-01-07-02-01-01-15.wav,03,01,07,disgust,02,strong,01,01,15,male,train,48000,1,PCM_16,177777,3.703688
ml/data/raw/ravdess/extracted/Actor_15/03-01-07-02-01-02-15.wav,03-01-07-02-01-02-15.wav,03,01,07,disgust,02,strong,01,02,15,male,train,48000,1,PCM_16,161762,3.370042
ml/data/raw/ravdess/extracted/Actor_15/03-01-07-02-02-01-15.wav,03-01-07-02-02-01-15.wav,03,01,07,disgust,02,strong,02,01,15,male,train,48000,1,PCM_16,158559,3.303313
ml/data/raw/ravdess/extracted/Actor_15/03-01-07-02-02-02-15.wav,03-01-07-02-02-02-15.wav,03,01,07,disgust,02,strong,02,02,15,male,train,48000,1,PCM_16,166567,3.470146
ml/data/raw/ravdess/extracted/Actor_15/03-01-08-01-01-01-15.wav,03-01-08-01-01-01-15.wav,03,01,08,surprised,01,normal,01,01,15,male,train,48000,1,PCM_16,174575,3.636979
ml/data/raw/ravdess/extracted/Actor_15/03-01-08-01-01-02-15.wav,03-01-08-01-01-02-15.wav,03,01,08,surprised,01,normal,01,02,15,male,train,48000,1,PCM_16,164965,3.436771
ml/data/raw/ravdess/extracted/Actor_15/03-01-08-01-02-01-15.wav,03-01-08-01-02-01-15.wav,03,01,08,surprised,01,normal,02,01,15,male,train,48000,1,PCM_16,177778,3.703708
ml/data/raw/ravdess/extracted/Actor_15/03-01-08-01-02-02-15.wav,03-01-08-01-02-02-15.wav,03,01,08,surprised,01,normal,02,02,15,male,train,48000,1,PCM_16,161762,3.370042
ml/data/raw/ravdess/extracted/Actor_15/03-01-08-02-01-01-15.wav,03-01-08-02-01-01-15.wav,03,01,08,surprised,02,strong,01,01,15,male,train,48000,1,PCM_16,161761,3.370021
ml/data/raw/ravdess/extracted/Actor_15/03-01-08-02-01-02-15.wav,03-01-08-02-01-02-15.wav,03,01,08,surprised,02,strong,01,02,15,male,train,48000,1,PCM_16,158558,3.303292
ml/data/raw/ravdess/extracted/Actor_15/03-01-08-02-02-01-15.wav,03-01-08-02-02-01-15.wav,03,01,08,surprised,02,strong,02,01,15,male,train,48000,1,PCM_16,153754,3.203208
ml/data/raw/ravdess/extracted/Actor_15/03-01-08-02-02-02-15.wav,03-01-08-02-02-02-15.wav,03,01,08,surprised,02,strong,02,02,15,male,train,48000,1,PCM_16,160160,3.336667
ml/data/raw/ravdess/extracted/Actor_16/03-01-01-01-01-01-16.wav,03-01-01-01-01-01-16.wav,03,01,01,neutral,01,normal,01,01,16,female,train,48000,1,PCM_16,179379,3.737062
ml/data/raw/ravdess/extracted/Actor_16/03-01-01-01-01-02-16.wav,03-01-01-01-01-02-16.wav,03,01,01,neutral,01,normal,01,02,16,female,train,48000,1,PCM_16,179380,3.737083
ml/data/raw/ravdess/extracted/Actor_16/03-01-01-01-02-01-16.wav,03-01-01-01-02-01-16.wav,03,01,01,neutral,01,normal,02,01,16,female,train,48000,1,PCM_16,172973,3.603604
ml/data/raw/ravdess/extracted/Actor_16/03-01-01-01-02-02-16.wav,03-01-01-01-02-02-16.wav,03,01,01,neutral,01,normal,02,02,16,female,train,48000,1,PCM_16,171371,3.570229
ml/data/raw/ravdess/extracted/Actor_16/03-01-02-01-01-01-16.wav,03-01-02-01-01-01-16.wav,03,01,02,calm,01,normal,01,01,16,female,train,48000,1,PCM_16,177777,3.703688
ml/data/raw/ravdess/extracted/Actor_16/03-01-02-01-01-02-16.wav,03-01-02-01-01-02-16.wav,03,01,02,calm,01,normal,01,02,16,female,train,48000,1,PCM_16,185785,3.870521
ml/data/raw/ravdess/extracted/Actor_16/03-01-02-01-02-01-16.wav,03-01-02-01-02-01-16.wav,03,01,02,calm,01,normal,02,01,16,female,train,48000,1,PCM_16,182582,3.803792
ml/data/raw/ravdess/extracted/Actor_16/03-01-02-01-02-02-16.wav,03-01-02-01-02-02-16.wav,03,01,02,calm,01,normal,02,02,16,female,train,48000,1,PCM_16,176176,3.670333
ml/data/raw/ravdess/extracted/Actor_16/03-01-02-02-01-01-16.wav,03-01-02-02-01-01-16.wav,03,01,02,calm,02,strong,01,01,16,female,train,48000,1,PCM_16,185785,3.870521
ml/data/raw/ravdess/extracted/Actor_16/03-01-02-02-01-02-16.wav,03-01-02-02-01-02-16.wav,03,01,02,calm,02,strong,01,02,16,female,train,48000,1,PCM_16,188989,3.937271
ml/data/raw/ravdess/extracted/Actor_16/03-01-02-02-02-01-16.wav,03-01-02-02-02-01-16.wav,03,01,02,calm,02,strong,02,01,16,female,train,48000,1,PCM_16,182583,3.803812
ml/data/raw/ravdess/extracted/Actor_16/03-01-02-02-02-02-16.wav,03-01-02-02-02-02-16.wav,03,01,02,calm,02,strong,02,02,16,female,train,48000,1,PCM_16,182582,3.803792
ml/data/raw/ravdess/extracted/Actor_16/03-01-03-01-01-01-16.wav,03-01-03-01-01-01-16.wav,03,01,03,happy,01,normal,01,01,16,female,train,48000,1,PCM_16,177778,3.703708
ml/data/raw/ravdess/extracted/Actor_16/03-01-03-01-01-02-16.wav,03-01-03-01-01-02-16.wav,03,01,03,happy,01,normal,01,02,16,female,train,48000,1,PCM_16,176176,3.670333
ml/data/raw/ravdess/extracted/Actor_16/03-01-03-01-02-01-16.wav,03-01-03-01-02-01-16.wav,03,01,03,happy,01,normal,02,01,16,female,train,48000,1,PCM_16,179379,3.737062
ml/data/raw/ravdess/extracted/Actor_16/03-01-03-01-02-02-16.wav,03-01-03-01-02-02-16.wav,03,01,03,happy,01,normal,02,02,16,female,train,48000,1,PCM_16,176176,3.670333
ml/data/raw/ravdess/extracted/Actor_16/03-01-03-02-01-01-16.wav,03-01-03-02-01-01-16.wav,03,01,03,happy,02,strong,01,01,16,female,train,48000,1,PCM_16,180981,3.770437
ml/data/raw/ravdess/extracted/Actor_16/03-01-03-02-01-02-16.wav,03-01-03-02-01-02-16.wav,03,01,03,happy,02,strong,01,02,16,female,train,48000,1,PCM_16,171371,3.570229
ml/data/raw/ravdess/extracted/Actor_16/03-01-03-02-02-01-16.wav,03-01-03-02-02-01-16.wav,03,01,03,happy,02,strong,02,01,16,female,train,48000,1,PCM_16,180980,3.770417
ml/data/raw/ravdess/extracted/Actor_16/03-01-03-02-02-02-16.wav,03-01-03-02-02-02-16.wav,03,01,03,happy,02,strong,02,02,16,female,train,48000,1,PCM_16,182583,3.803812
ml/data/raw/ravdess/extracted/Actor_16/03-01-04-01-01-01-16.wav,03-01-04-01-01-01-16.wav,03,01,04,sad,01,normal,01,01,16,female,train,48000,1,PCM_16,171371,3.570229
ml/data/raw/ravdess/extracted/Actor_16/03-01-04-01-01-02-16.wav,03-01-04-01-01-02-16.wav,03,01,04,sad,01,normal,01,02,16,female,train,48000,1,PCM_16,174574,3.636958
ml/data/raw/ravdess/extracted/Actor_16/03-01-04-01-02-01-16.wav,03-01-04-01-02-01-16.wav,03,01,04,sad,01,normal,02,01,16,female,train,48000,1,PCM_16,163364,3.403417
ml/data/raw/ravdess/extracted/Actor_16/03-01-04-01-02-02-16.wav,03-01-04-01-02-02-16.wav,03,01,04,sad,01,normal,02,02,16,female,train,48000,1,PCM_16,168168,3.503500
ml/data/raw/ravdess/extracted/Actor_16/03-01-04-02-01-01-16.wav,03-01-04-02-01-01-16.wav,03,01,04,sad,02,strong,01,01,16,female,train,48000,1,PCM_16,179379,3.737062
ml/data/raw/ravdess/extracted/Actor_16/03-01-04-02-01-02-16.wav,03-01-04-02-01-02-16.wav,03,01,04,sad,02,strong,01,02,16,female,train,48000,1,PCM_16,182583,3.803812
ml/data/raw/ravdess/extracted/Actor_16/03-01-04-02-02-01-16.wav,03-01-04-02-02-01-16.wav,03,01,04,sad,02,strong,02,01,16,female,train,48000,1,PCM_16,185786,3.870542
ml/data/raw/ravdess/extracted/Actor_16/03-01-04-02-02-02-16.wav,03-01-04-02-02-02-16.wav,03,01,04,sad,02,strong,02,02,16,female,train,48000,1,PCM_16,179379,3.737062
ml/data/raw/ravdess/extracted/Actor_16/03-01-05-01-01-01-16.wav,03-01-05-01-01-01-16.wav,03,01,05,angry,01,normal,01,01,16,female,train,48000,1,PCM_16,190591,3.970646
ml/data/raw/ravdess/extracted/Actor_16/03-01-05-01-01-02-16.wav,03-01-05-01-01-02-16.wav,03,01,05,angry,01,normal,01,02,16,female,train,48000,1,PCM_16,192192,4.004000
ml/data/raw/ravdess/extracted/Actor_16/03-01-05-01-02-01-16.wav,03-01-05-01-02-01-16.wav,03,01,05,angry,01,normal,02,01,16,female,train,48000,1,PCM_16,187387,3.903896
ml/data/raw/ravdess/extracted/Actor_16/03-01-05-01-02-02-16.wav,03-01-05-01-02-02-16.wav,03,01,05,angry,01,normal,02,02,16,female,train,48000,1,PCM_16,187387,3.903896
ml/data/raw/ravdess/extracted/Actor_16/03-01-05-02-01-01-16.wav,03-01-05-02-01-01-16.wav,03,01,05,angry,02,strong,01,01,16,female,train,48000,1,PCM_16,190591,3.970646
ml/data/raw/ravdess/extracted/Actor_16/03-01-05-02-01-02-16.wav,03-01-05-02-01-02-16.wav,03,01,05,angry,02,strong,01,02,16,female,train,48000,1,PCM_16,179379,3.737062
ml/data/raw/ravdess/extracted/Actor_16/03-01-05-02-02-01-16.wav,03-01-05-02-02-01-16.wav,03,01,05,angry,02,strong,02,01,16,female,train,48000,1,PCM_16,182582,3.803792
ml/data/raw/ravdess/extracted/Actor_16/03-01-05-02-02-02-16.wav,03-01-05-02-02-02-16.wav,03,01,05,angry,02,strong,02,02,16,female,train,48000,1,PCM_16,195396,4.070750
ml/data/raw/ravdess/extracted/Actor_16/03-01-06-01-01-01-16.wav,03-01-06-01-01-01-16.wav,03,01,06,fearful,01,normal,01,01,16,female,train,48000,1,PCM_16,177777,3.703688
ml/data/raw/ravdess/extracted/Actor_16/03-01-06-01-01-02-16.wav,03-01-06-01-01-02-16.wav,03,01,06,fearful,01,normal,01,02,16,female,train,48000,1,PCM_16,168168,3.503500
ml/data/raw/ravdess/extracted/Actor_16/03-01-06-01-02-01-16.wav,03-01-06-01-02-01-16.wav,03,01,06,fearful,01,normal,02,01,16,female,train,48000,1,PCM_16,174574,3.636958
ml/data/raw/ravdess/extracted/Actor_16/03-01-06-01-02-02-16.wav,03-01-06-01-02-02-16.wav,03,01,06,fearful,01,normal,02,02,16,female,train,48000,1,PCM_16,171371,3.570229
ml/data/raw/ravdess/extracted/Actor_16/03-01-06-02-01-01-16.wav,03-01-06-02-01-01-16.wav,03,01,06,fearful,02,strong,01,01,16,female,train,48000,1,PCM_16,179379,3.737062
ml/data/raw/ravdess/extracted/Actor_16/03-01-06-02-01-02-16.wav,03-01-06-02-01-02-16.wav,03,01,06,fearful,02,strong,01,02,16,female,train,48000,1,PCM_16,179379,3.737062
ml/data/raw/ravdess/extracted/Actor_16/03-01-06-02-02-01-16.wav,03-01-06-02-02-01-16.wav,03,01,06,fearful,02,strong,02,01,16,female,train,48000,1,PCM_16,169769,3.536854
ml/data/raw/ravdess/extracted/Actor_16/03-01-06-02-02-02-16.wav,03-01-06-02-02-02-16.wav,03,01,06,fearful,02,strong,02,02,16,female,train,48000,1,PCM_16,168168,3.503500
ml/data/raw/ravdess/extracted/Actor_16/03-01-07-01-01-01-16.wav,03-01-07-01-01-01-16.wav,03,01,07,disgust,01,normal,01,01,16,female,train,48000,1,PCM_16,180981,3.770437
ml/data/raw/ravdess/extracted/Actor_16/03-01-07-01-01-02-16.wav,03-01-07-01-01-02-16.wav,03,01,07,disgust,01,normal,01,02,16,female,train,48000,1,PCM_16,179379,3.737062
ml/data/raw/ravdess/extracted/Actor_16/03-01-07-01-02-01-16.wav,03-01-07-01-02-01-16.wav,03,01,07,disgust,01,normal,02,01,16,female,train,48000,1,PCM_16,166566,3.470125
ml/data/raw/ravdess/extracted/Actor_16/03-01-07-01-02-02-16.wav,03-01-07-01-02-02-16.wav,03,01,07,disgust,01,normal,02,02,16,female,train,48000,1,PCM_16,171371,3.570229
ml/data/raw/ravdess/extracted/Actor_16/03-01-07-02-01-01-16.wav,03-01-07-02-01-01-16.wav,03,01,07,disgust,02,strong,01,01,16,female,train,48000,1,PCM_16,205004,4.270917
ml/data/raw/ravdess/extracted/Actor_16/03-01-07-02-01-02-16.wav,03-01-07-02-01-02-16.wav,03,01,07,disgust,02,strong,01,02,16,female,train,48000,1,PCM_16,203404,4.237583
ml/data/raw/ravdess/extracted/Actor_16/03-01-07-02-02-01-16.wav,03-01-07-02-02-01-16.wav,03,01,07,disgust,02,strong,02,01,16,female,train,48000,1,PCM_16,198598,4.137458
ml/data/raw/ravdess/extracted/Actor_16/03-01-07-02-02-02-16.wav,03-01-07-02-02-02-16.wav,03,01,07,disgust,02,strong,02,02,16,female,train,48000,1,PCM_16,198599,4.137479
ml/data/raw/ravdess/extracted/Actor_16/03-01-08-01-01-01-16.wav,03-01-08-01-01-01-16.wav,03,01,08,surprised,01,normal,01,01,16,female,train,48000,1,PCM_16,169770,3.536875
ml/data/raw/ravdess/extracted/Actor_16/03-01-08-01-01-02-16.wav,03-01-08-01-01-02-16.wav,03,01,08,surprised,01,normal,01,02,16,female,train,48000,1,PCM_16,164964,3.436750
ml/data/raw/ravdess/extracted/Actor_16/03-01-08-01-02-01-16.wav,03-01-08-01-02-01-16.wav,03,01,08,surprised,01,normal,02,01,16,female,train,48000,1,PCM_16,168168,3.503500
ml/data/raw/ravdess/extracted/Actor_16/03-01-08-01-02-02-16.wav,03-01-08-01-02-02-16.wav,03,01,08,surprised,01,normal,02,02,16,female,train,48000,1,PCM_16,164965,3.436771
ml/data/raw/ravdess/extracted/Actor_16/03-01-08-02-01-01-16.wav,03-01-08-02-01-01-16.wav,03,01,08,surprised,02,strong,01,01,16,female,train,48000,1,PCM_16,169770,3.536875
ml/data/raw/ravdess/extracted/Actor_16/03-01-08-02-01-02-16.wav,03-01-08-02-01-02-16.wav,03,01,08,surprised,02,strong,01,02,16,female,train,48000,1,PCM_16,169769,3.536854
ml/data/raw/ravdess/extracted/Actor_16/03-01-08-02-02-01-16.wav,03-01-08-02-02-01-16.wav,03,01,08,surprised,02,strong,02,01,16,female,train,48000,1,PCM_16,171372,3.570250
ml/data/raw/ravdess/extracted/Actor_16/03-01-08-02-02-02-16.wav,03-01-08-02-02-02-16.wav,03,01,08,surprised,02,strong,02,02,16,female,train,48000,1,PCM_16,171371,3.570229
ml/data/raw/ravdess/extracted/Actor_17/03-01-01-01-01-01-17.wav,03-01-01-01-01-01-17.wav,03,01,01,neutral,01,normal,01,01,17,male,validation,48000,1,PCM_16,184184,3.837167
ml/data/raw/ravdess/extracted/Actor_17/03-01-01-01-01-02-17.wav,03-01-01-01-01-02-17.wav,03,01,01,neutral,01,normal,01,02,17,male,validation,48000,1,PCM_16,168168,3.503500
ml/data/raw/ravdess/extracted/Actor_17/03-01-01-01-02-01-17.wav,03-01-01-01-02-01-17.wav,03,01,01,neutral,01,normal,02,01,17,male,validation,48000,1,PCM_16,168168,3.503500
ml/data/raw/ravdess/extracted/Actor_17/03-01-01-01-02-02-17.wav,03-01-01-01-02-02-17.wav,03,01,01,neutral,01,normal,02,02,17,male,validation,48000,1,PCM_16,166566,3.470125
ml/data/raw/ravdess/extracted/Actor_17/03-01-02-01-01-01-17.wav,03-01-02-01-01-01-17.wav,03,01,02,calm,01,normal,01,01,17,male,validation,48000,1,PCM_16,168168,3.503500
ml/data/raw/ravdess/extracted/Actor_17/03-01-02-01-01-02-17.wav,03-01-02-01-01-02-17.wav,03,01,02,calm,01,normal,01,02,17,male,validation,48000,1,PCM_16,169770,3.536875
ml/data/raw/ravdess/extracted/Actor_17/03-01-02-01-02-01-17.wav,03-01-02-01-02-01-17.wav,03,01,02,calm,01,normal,02,01,17,male,validation,48000,1,PCM_16,179380,3.737083
ml/data/raw/ravdess/extracted/Actor_17/03-01-02-01-02-02-17.wav,03-01-02-01-02-02-17.wav,03,01,02,calm,01,normal,02,02,17,male,validation,48000,1,PCM_16,180981,3.770437
ml/data/raw/ravdess/extracted/Actor_17/03-01-02-02-01-01-17.wav,03-01-02-02-01-01-17.wav,03,01,02,calm,02,strong,01,01,17,male,validation,48000,1,PCM_16,185786,3.870542
ml/data/raw/ravdess/extracted/Actor_17/03-01-02-02-01-02-17.wav,03-01-02-02-01-02-17.wav,03,01,02,calm,02,strong,01,02,17,male,validation,48000,1,PCM_16,172973,3.603604
ml/data/raw/ravdess/extracted/Actor_17/03-01-02-02-02-01-17.wav,03-01-02-02-02-01-17.wav,03,01,02,calm,02,strong,02,01,17,male,validation,48000,1,PCM_16,184184,3.837167
ml/data/raw/ravdess/extracted/Actor_17/03-01-02-02-02-02-17.wav,03-01-02-02-02-02-17.wav,03,01,02,calm,02,strong,02,02,17,male,validation,48000,1,PCM_16,169770,3.536875
ml/data/raw/ravdess/extracted/Actor_17/03-01-03-01-01-01-17.wav,03-01-03-01-01-01-17.wav,03,01,03,happy,01,normal,01,01,17,male,validation,48000,1,PCM_16,166566,3.470125
ml/data/raw/ravdess/extracted/Actor_17/03-01-03-01-01-02-17.wav,03-01-03-01-01-02-17.wav,03,01,03,happy,01,normal,01,02,17,male,validation,48000,1,PCM_16,169770,3.536875
ml/data/raw/ravdess/extracted/Actor_17/03-01-03-01-02-01-17.wav,03-01-03-01-02-01-17.wav,03,01,03,happy,01,normal,02,01,17,male,validation,48000,1,PCM_16,166567,3.470146
ml/data/raw/ravdess/extracted/Actor_17/03-01-03-01-02-02-17.wav,03-01-03-01-02-02-17.wav,03,01,03,happy,01,normal,02,02,17,male,validation,48000,1,PCM_16,169769,3.536854
ml/data/raw/ravdess/extracted/Actor_17/03-01-03-02-01-01-17.wav,03-01-03-02-01-01-17.wav,03,01,03,happy,02,strong,01,01,17,male,validation,48000,1,PCM_16,179379,3.737062
ml/data/raw/ravdess/extracted/Actor_17/03-01-03-02-01-02-17.wav,03-01-03-02-01-02-17.wav,03,01,03,happy,02,strong,01,02,17,male,validation,48000,1,PCM_16,196997,4.104104
ml/data/raw/ravdess/extracted/Actor_17/03-01-03-02-02-01-17.wav,03-01-03-02-02-01-17.wav,03,01,03,happy,02,strong,02,01,17,male,validation,48000,1,PCM_16,179379,3.737062
ml/data/raw/ravdess/extracted/Actor_17/03-01-03-02-02-02-17.wav,03-01-03-02-02-02-17.wav,03,01,03,happy,02,strong,02,02,17,male,validation,48000,1,PCM_16,182582,3.803792
ml/data/raw/ravdess/extracted/Actor_17/03-01-04-01-01-01-17.wav,03-01-04-01-01-01-17.wav,03,01,04,sad,01,normal,01,01,17,male,validation,48000,1,PCM_16,176176,3.670333
ml/data/raw/ravdess/extracted/Actor_17/03-01-04-01-01-02-17.wav,03-01-04-01-01-02-17.wav,03,01,04,sad,01,normal,01,02,17,male,validation,48000,1,PCM_16,168168,3.503500
ml/data/raw/ravdess/extracted/Actor_17/03-01-04-01-02-01-17.wav,03-01-04-01-02-01-17.wav,03,01,04,sad,01,normal,02,01,17,male,validation,48000,1,PCM_16,171371,3.570229
ml/data/raw/ravdess/extracted/Actor_17/03-01-04-01-02-02-17.wav,03-01-04-01-02-02-17.wav,03,01,04,sad,01,normal,02,02,17,male,validation,48000,1,PCM_16,172973,3.603604
ml/data/raw/ravdess/extracted/Actor_17/03-01-04-02-01-01-17.wav,03-01-04-02-01-01-17.wav,03,01,04,sad,02,strong,01,01,17,male,validation,48000,1,PCM_16,176176,3.670333
ml/data/raw/ravdess/extracted/Actor_17/03-01-04-02-01-02-17.wav,03-01-04-02-01-02-17.wav,03,01,04,sad,02,strong,01,02,17,male,validation,48000,1,PCM_16,177778,3.703708
ml/data/raw/ravdess/extracted/Actor_17/03-01-04-02-02-01-17.wav,03-01-04-02-02-01-17.wav,03,01,04,sad,02,strong,02,01,17,male,validation,48000,1,PCM_16,172973,3.603604
ml/data/raw/ravdess/extracted/Actor_17/03-01-04-02-02-02-17.wav,03-01-04-02-02-02-17.wav,03,01,04,sad,02,strong,02,02,17,male,validation,48000,1,PCM_16,171371,3.570229
ml/data/raw/ravdess/extracted/Actor_17/03-01-05-01-01-01-17.wav,03-01-05-01-01-01-17.wav,03,01,05,angry,01,normal,01,01,17,male,validation,48000,1,PCM_16,166567,3.470146
ml/data/raw/ravdess/extracted/Actor_17/03-01-05-01-01-02-17.wav,03-01-05-01-01-02-17.wav,03,01,05,angry,01,normal,01,02,17,male,validation,48000,1,PCM_16,177778,3.703708
ml/data/raw/ravdess/extracted/Actor_17/03-01-05-01-02-01-17.wav,03-01-05-01-02-01-17.wav,03,01,05,angry,01,normal,02,01,17,male,validation,48000,1,PCM_16,172973,3.603604
ml/data/raw/ravdess/extracted/Actor_17/03-01-05-01-02-02-17.wav,03-01-05-01-02-02-17.wav,03,01,05,angry,01,normal,02,02,17,male,validation,48000,1,PCM_16,169770,3.536875
ml/data/raw/ravdess/extracted/Actor_17/03-01-05-02-01-01-17.wav,03-01-05-02-01-01-17.wav,03,01,05,angry,02,strong,01,01,17,male,validation,48000,1,PCM_16,168168,3.503500
ml/data/raw/ravdess/extracted/Actor_17/03-01-05-02-01-02-17.wav,03-01-05-02-01-02-17.wav,03,01,05,angry,02,strong,01,02,17,male,validation,48000,1,PCM_16,179379,3.737062
ml/data/raw/ravdess/extracted/Actor_17/03-01-05-02-02-01-17.wav,03-01-05-02-02-01-17.wav,03,01,05,angry,02,strong,02,01,17,male,validation,48000,1,PCM_16,174575,3.636979
ml/data/raw/ravdess/extracted/Actor_17/03-01-05-02-02-02-17.wav,03-01-05-02-02-02-17.wav,03,01,05,angry,02,strong,02,02,17,male,validation,48000,1,PCM_16,182583,3.803812
ml/data/raw/ravdess/extracted/Actor_17/03-01-06-01-01-01-17.wav,03-01-06-01-01-01-17.wav,03,01,06,fearful,01,normal,01,01,17,male,validation,48000,1,PCM_16,166566,3.470125
ml/data/raw/ravdess/extracted/Actor_17/03-01-06-01-01-02-17.wav,03-01-06-01-01-02-17.wav,03,01,06,fearful,01,normal,01,02,17,male,validation,48000,1,PCM_16,168168,3.503500
ml/data/raw/ravdess/extracted/Actor_17/03-01-06-01-02-01-17.wav,03-01-06-01-02-01-17.wav,03,01,06,fearful,01,normal,02,01,17,male,validation,48000,1,PCM_16,169770,3.536875
ml/data/raw/ravdess/extracted/Actor_17/03-01-06-01-02-02-17.wav,03-01-06-01-02-02-17.wav,03,01,06,fearful,01,normal,02,02,17,male,validation,48000,1,PCM_16,174574,3.636958
ml/data/raw/ravdess/extracted/Actor_17/03-01-06-02-01-01-17.wav,03-01-06-02-01-01-17.wav,03,01,06,fearful,02,strong,01,01,17,male,validation,48000,1,PCM_16,177778,3.703708
ml/data/raw/ravdess/extracted/Actor_17/03-01-06-02-01-02-17.wav,03-01-06-02-01-02-17.wav,03,01,06,fearful,02,strong,01,02,17,male,validation,48000,1,PCM_16,179379,3.737062
ml/data/raw/ravdess/extracted/Actor_17/03-01-06-02-02-01-17.wav,03-01-06-02-02-01-17.wav,03,01,06,fearful,02,strong,02,01,17,male,validation,48000,1,PCM_16,176176,3.670333
ml/data/raw/ravdess/extracted/Actor_17/03-01-06-02-02-02-17.wav,03-01-06-02-02-02-17.wav,03,01,06,fearful,02,strong,02,02,17,male,validation,48000,1,PCM_16,184184,3.837167
ml/data/raw/ravdess/extracted/Actor_17/03-01-07-01-01-01-17.wav,03-01-07-01-01-01-17.wav,03,01,07,disgust,01,normal,01,01,17,male,validation,48000,1,PCM_16,184184,3.837167
ml/data/raw/ravdess/extracted/Actor_17/03-01-07-01-01-02-17.wav,03-01-07-01-01-02-17.wav,03,01,07,disgust,01,normal,01,02,17,male,validation,48000,1,PCM_16,177778,3.703708
ml/data/raw/ravdess/extracted/Actor_17/03-01-07-01-02-01-17.wav,03-01-07-01-02-01-17.wav,03,01,07,disgust,01,normal,02,01,17,male,validation,48000,1,PCM_16,171371,3.570229
ml/data/raw/ravdess/extracted/Actor_17/03-01-07-01-02-02-17.wav,03-01-07-01-02-02-17.wav,03,01,07,disgust,01,normal,02,02,17,male,validation,48000,1,PCM_16,168168,3.503500
ml/data/raw/ravdess/extracted/Actor_17/03-01-07-02-01-01-17.wav,03-01-07-02-01-01-17.wav,03,01,07,disgust,02,strong,01,01,17,male,validation,48000,1,PCM_16,201802,4.204208
ml/data/raw/ravdess/extracted/Actor_17/03-01-07-02-01-02-17.wav,03-01-07-02-01-02-17.wav,03,01,07,disgust,02,strong,01,02,17,male,validation,48000,1,PCM_16,200200,4.170833
ml/data/raw/ravdess/extracted/Actor_17/03-01-07-02-02-01-17.wav,03-01-07-02-02-01-17.wav,03,01,07,disgust,02,strong,02,01,17,male,validation,48000,1,PCM_16,214615,4.471146
ml/data/raw/ravdess/extracted/Actor_17/03-01-07-02-02-02-17.wav,03-01-07-02-02-02-17.wav,03,01,07,disgust,02,strong,02,02,17,male,validation,48000,1,PCM_16,221021,4.604604
ml/data/raw/ravdess/extracted/Actor_17/03-01-08-01-01-01-17.wav,03-01-08-01-01-01-17.wav,03,01,08,surprised,01,normal,01,01,17,male,validation,48000,1,PCM_16,163363,3.403396
ml/data/raw/ravdess/extracted/Actor_17/03-01-08-01-01-02-17.wav,03-01-08-01-01-02-17.wav,03,01,08,surprised,01,normal,01,02,17,male,validation,48000,1,PCM_16,174574,3.636958
ml/data/raw/ravdess/extracted/Actor_17/03-01-08-01-02-01-17.wav,03-01-08-01-02-01-17.wav,03,01,08,surprised,01,normal,02,01,17,male,validation,48000,1,PCM_16,161762,3.370042
ml/data/raw/ravdess/extracted/Actor_17/03-01-08-01-02-02-17.wav,03-01-08-01-02-02-17.wav,03,01,08,surprised,01,normal,02,02,17,male,validation,48000,1,PCM_16,164965,3.436771
ml/data/raw/ravdess/extracted/Actor_17/03-01-08-02-01-01-17.wav,03-01-08-02-01-01-17.wav,03,01,08,surprised,02,strong,01,01,17,male,validation,48000,1,PCM_16,169770,3.536875
ml/data/raw/ravdess/extracted/Actor_17/03-01-08-02-01-02-17.wav,03-01-08-02-01-02-17.wav,03,01,08,surprised,02,strong,01,02,17,male,validation,48000,1,PCM_16,176176,3.670333
ml/data/raw/ravdess/extracted/Actor_17/03-01-08-02-02-01-17.wav,03-01-08-02-02-01-17.wav,03,01,08,surprised,02,strong,02,01,17,male,validation,48000,1,PCM_16,164965,3.436771
ml/data/raw/ravdess/extracted/Actor_17/03-01-08-02-02-02-17.wav,03-01-08-02-02-02-17.wav,03,01,08,surprised,02,strong,02,02,17,male,validation,48000,1,PCM_16,169769,3.536854
ml/data/raw/ravdess/extracted/Actor_18/03-01-01-01-01-01-18.wav,03-01-01-01-01-01-18.wav,03,01,01,neutral,01,normal,01,01,18,female,validation,48000,1,PCM_16,166567,3.470146
ml/data/raw/ravdess/extracted/Actor_18/03-01-01-01-01-02-18.wav,03-01-01-01-01-02-18.wav,03,01,01,neutral,01,normal,01,02,18,female,validation,48000,1,PCM_16,169770,3.536875
ml/data/raw/ravdess/extracted/Actor_18/03-01-01-01-02-01-18.wav,03-01-01-01-02-01-18.wav,03,01,01,neutral,01,normal,02,01,18,female,validation,48000,1,PCM_16,166566,3.470125
ml/data/raw/ravdess/extracted/Actor_18/03-01-01-01-02-02-18.wav,03-01-01-01-02-02-18.wav,03,01,01,neutral,01,normal,02,02,18,female,validation,48000,1,PCM_16,166567,3.470146
ml/data/raw/ravdess/extracted/Actor_18/03-01-02-01-01-01-18.wav,03-01-02-01-01-01-18.wav,03,01,02,calm,01,normal,01,01,18,female,validation,48000,1,PCM_16,166566,3.470125
ml/data/raw/ravdess/extracted/Actor_18/03-01-02-01-01-02-18.wav,03-01-02-01-01-02-18.wav,03,01,02,calm,01,normal,01,02,18,female,validation,48000,1,PCM_16,163364,3.403417
ml/data/raw/ravdess/extracted/Actor_18/03-01-02-01-02-01-18.wav,03-01-02-01-02-01-18.wav,03,01,02,calm,01,normal,02,01,18,female,validation,48000,1,PCM_16,174575,3.636979
ml/data/raw/ravdess/extracted/Actor_18/03-01-02-01-02-02-18.wav,03-01-02-01-02-02-18.wav,03,01,02,calm,01,normal,02,02,18,female,validation,48000,1,PCM_16,168168,3.503500
ml/data/raw/ravdess/extracted/Actor_18/03-01-02-02-01-01-18.wav,03-01-02-02-01-01-18.wav,03,01,02,calm,02,strong,01,01,18,female,validation,48000,1,PCM_16,172973,3.603604
ml/data/raw/ravdess/extracted/Actor_18/03-01-02-02-01-02-18.wav,03-01-02-02-01-02-18.wav,03,01,02,calm,02,strong,01,02,18,female,validation,48000,1,PCM_16,172973,3.603604
ml/data/raw/ravdess/extracted/Actor_18/03-01-02-02-02-01-18.wav,03-01-02-02-02-01-18.wav,03,01,02,calm,02,strong,02,01,18,female,validation,48000,1,PCM_16,172972,3.603583
ml/data/raw/ravdess/extracted/Actor_18/03-01-02-02-02-02-18.wav,03-01-02-02-02-02-18.wav,03,01,02,calm,02,strong,02,02,18,female,validation,48000,1,PCM_16,172973,3.603604
ml/data/raw/ravdess/extracted/Actor_18/03-01-03-01-01-01-18.wav,03-01-03-01-01-01-18.wav,03,01,03,happy,01,normal,01,01,18,female,validation,48000,1,PCM_16,163363,3.403396
ml/data/raw/ravdess/extracted/Actor_18/03-01-03-01-01-02-18.wav,03-01-03-01-01-02-18.wav,03,01,03,happy,01,normal,01,02,18,female,validation,48000,1,PCM_16,161761,3.370021
ml/data/raw/ravdess/extracted/Actor_18/03-01-03-01-02-01-18.wav,03-01-03-01-02-01-18.wav,03,01,03,happy,01,normal,02,01,18,female,validation,48000,1,PCM_16,164964,3.436750
ml/data/raw/ravdess/extracted/Actor_18/03-01-03-01-02-02-18.wav,03-01-03-01-02-02-18.wav,03,01,03,happy,01,normal,02,02,18,female,validation,48000,1,PCM_16,168168,3.503500
ml/data/raw/ravdess/extracted/Actor_18/03-01-03-02-01-01-18.wav,03-01-03-02-01-01-18.wav,03,01,03,happy,02,strong,01,01,18,female,validation,48000,1,PCM_16,180981,3.770437
ml/data/raw/ravdess/extracted/Actor_18/03-01-03-02-01-02-18.wav,03-01-03-02-01-02-18.wav,03,01,03,happy,02,strong,01,02,18,female,validation,48000,1,PCM_16,188988,3.937250
ml/data/raw/ravdess/extracted/Actor_18/03-01-03-02-02-01-18.wav,03-01-03-02-02-01-18.wav,03,01,03,happy,02,strong,02,01,18,female,validation,48000,1,PCM_16,180981,3.770437
ml/data/raw/ravdess/extracted/Actor_18/03-01-03-02-02-02-18.wav,03-01-03-02-02-02-18.wav,03,01,03,happy,02,strong,02,02,18,female,validation,48000,1,PCM_16,184184,3.837167
ml/data/raw/ravdess/extracted/Actor_18/03-01-04-01-01-01-18.wav,03-01-04-01-01-01-18.wav,03,01,04,sad,01,normal,01,01,18,female,validation,48000,1,PCM_16,171371,3.570229
ml/data/raw/ravdess/extracted/Actor_18/03-01-04-01-01-02-18.wav,03-01-04-01-01-02-18.wav,03,01,04,sad,01,normal,01,02,18,female,validation,48000,1,PCM_16,174574,3.636958
ml/data/raw/ravdess/extracted/Actor_18/03-01-04-01-02-01-18.wav,03-01-04-01-02-01-18.wav,03,01,04,sad,01,normal,02,01,18,female,validation,48000,1,PCM_16,169770,3.536875
ml/data/raw/ravdess/extracted/Actor_18/03-01-04-01-02-02-18.wav,03-01-04-01-02-02-18.wav,03,01,04,sad,01,normal,02,02,18,female,validation,48000,1,PCM_16,174574,3.636958
ml/data/raw/ravdess/extracted/Actor_18/03-01-04-02-01-01-18.wav,03-01-04-02-01-01-18.wav,03,01,04,sad,02,strong,01,01,18,female,validation,48000,1,PCM_16,182582,3.803792
ml/data/raw/ravdess/extracted/Actor_18/03-01-04-02-01-02-18.wav,03-01-04-02-01-02-18.wav,03,01,04,sad,02,strong,01,02,18,female,validation,48000,1,PCM_16,184184,3.837167
ml/data/raw/ravdess/extracted/Actor_18/03-01-04-02-02-01-18.wav,03-01-04-02-02-01-18.wav,03,01,04,sad,02,strong,02,01,18,female,validation,48000,1,PCM_16,198599,4.137479
ml/data/raw/ravdess/extracted/Actor_18/03-01-04-02-02-02-18.wav,03-01-04-02-02-02-18.wav,03,01,04,sad,02,strong,02,02,18,female,validation,48000,1,PCM_16,184184,3.837167
ml/data/raw/ravdess/extracted/Actor_18/03-01-05-01-01-01-18.wav,03-01-05-01-01-01-18.wav,03,01,05,angry,01,normal,01,01,18,female,validation,48000,1,PCM_16,187387,3.903896
ml/data/raw/ravdess/extracted/Actor_18/03-01-05-01-01-02-18.wav,03-01-05-01-01-02-18.wav,03,01,05,angry,01,normal,01,02,18,female,validation,48000,1,PCM_16,200200,4.170833
ml/data/raw/ravdess/extracted/Actor_18/03-01-05-01-02-01-18.wav,03-01-05-01-02-01-18.wav,03,01,05,angry,01,normal,02,01,18,female,validation,48000,1,PCM_16,171371,3.570229
ml/data/raw/ravdess/extracted/Actor_18/03-01-05-01-02-02-18.wav,03-01-05-01-02-02-18.wav,03,01,05,angry,01,normal,02,02,18,female,validation,48000,1,PCM_16,174575,3.636979
ml/data/raw/ravdess/extracted/Actor_18/03-01-05-02-01-01-18.wav,03-01-05-02-01-01-18.wav,03,01,05,angry,02,strong,01,01,18,female,validation,48000,1,PCM_16,177778,3.703708
ml/data/raw/ravdess/extracted/Actor_18/03-01-05-02-01-02-18.wav,03-01-05-02-01-02-18.wav,03,01,05,angry,02,strong,01,02,18,female,validation,48000,1,PCM_16,180981,3.770437
ml/data/raw/ravdess/extracted/Actor_18/03-01-05-02-02-01-18.wav,03-01-05-02-02-01-18.wav,03,01,05,angry,02,strong,02,01,18,female,validation,48000,1,PCM_16,184184,3.837167
ml/data/raw/ravdess/extracted/Actor_18/03-01-05-02-02-02-18.wav,03-01-05-02-02-02-18.wav,03,01,05,angry,02,strong,02,02,18,female,validation,48000,1,PCM_16,203403,4.237563
ml/data/raw/ravdess/extracted/Actor_18/03-01-06-01-01-01-18.wav,03-01-06-01-01-01-18.wav,03,01,06,fearful,01,normal,01,01,18,female,validation,48000,1,PCM_16,164965,3.436771
ml/data/raw/ravdess/extracted/Actor_18/03-01-06-01-01-02-18.wav,03-01-06-01-01-02-18.wav,03,01,06,fearful,01,normal,01,02,18,female,validation,48000,1,PCM_16,163363,3.403396
ml/data/raw/ravdess/extracted/Actor_18/03-01-06-01-02-01-18.wav,03-01-06-01-02-01-18.wav,03,01,06,fearful,01,normal,02,01,18,female,validation,48000,1,PCM_16,166566,3.470125
ml/data/raw/ravdess/extracted/Actor_18/03-01-06-01-02-02-18.wav,03-01-06-01-02-02-18.wav,03,01,06,fearful,01,normal,02,02,18,female,validation,48000,1,PCM_16,166567,3.470146
ml/data/raw/ravdess/extracted/Actor_18/03-01-06-02-01-01-18.wav,03-01-06-02-01-01-18.wav,03,01,06,fearful,02,strong,01,01,18,female,validation,48000,1,PCM_16,179380,3.737083
ml/data/raw/ravdess/extracted/Actor_18/03-01-06-02-01-02-18.wav,03-01-06-02-01-02-18.wav,03,01,06,fearful,02,strong,01,02,18,female,validation,48000,1,PCM_16,200200,4.170833
ml/data/raw/ravdess/extracted/Actor_18/03-01-06-02-02-01-18.wav,03-01-06-02-02-01-18.wav,03,01,06,fearful,02,strong,02,01,18,female,validation,48000,1,PCM_16,182583,3.803812
ml/data/raw/ravdess/extracted/Actor_18/03-01-06-02-02-02-18.wav,03-01-06-02-02-02-18.wav,03,01,06,fearful,02,strong,02,02,18,female,validation,48000,1,PCM_16,182582,3.803792
ml/data/raw/ravdess/extracted/Actor_18/03-01-07-01-01-01-18.wav,03-01-07-01-01-01-18.wav,03,01,07,disgust,01,normal,01,01,18,female,validation,48000,1,PCM_16,206607,4.304312
ml/data/raw/ravdess/extracted/Actor_18/03-01-07-01-01-02-18.wav,03-01-07-01-01-02-18.wav,03,01,07,disgust,01,normal,01,02,18,female,validation,48000,1,PCM_16,195396,4.070750
ml/data/raw/ravdess/extracted/Actor_18/03-01-07-01-02-01-18.wav,03-01-07-01-02-01-18.wav,03,01,07,disgust,01,normal,02,01,18,female,validation,48000,1,PCM_16,176176,3.670333
ml/data/raw/ravdess/extracted/Actor_18/03-01-07-01-02-02-18.wav,03-01-07-01-02-02-18.wav,03,01,07,disgust,01,normal,02,02,18,female,validation,48000,1,PCM_16,209810,4.371042
ml/data/raw/ravdess/extracted/Actor_18/03-01-07-02-01-01-18.wav,03-01-07-02-01-01-18.wav,03,01,07,disgust,02,strong,01,01,18,female,validation,48000,1,PCM_16,229028,4.771417
ml/data/raw/ravdess/extracted/Actor_18/03-01-07-02-01-02-18.wav,03-01-07-02-01-02-18.wav,03,01,07,disgust,02,strong,01,02,18,female,validation,48000,1,PCM_16,214615,4.471146
ml/data/raw/ravdess/extracted/Actor_18/03-01-07-02-02-01-18.wav,03-01-07-02-02-01-18.wav,03,01,07,disgust,02,strong,02,01,18,female,validation,48000,1,PCM_16,222622,4.637958
ml/data/raw/ravdess/extracted/Actor_18/03-01-07-02-02-02-18.wav,03-01-07-02-02-02-18.wav,03,01,07,disgust,02,strong,02,02,18,female,validation,48000,1,PCM_16,219419,4.571229
ml/data/raw/ravdess/extracted/Actor_18/03-01-08-01-01-01-18.wav,03-01-08-01-01-01-18.wav,03,01,08,surprised,01,normal,01,01,18,female,validation,48000,1,PCM_16,161761,3.370021
ml/data/raw/ravdess/extracted/Actor_18/03-01-08-01-01-02-18.wav,03-01-08-01-01-02-18.wav,03,01,08,surprised,01,normal,01,02,18,female,validation,48000,1,PCM_16,168168,3.503500
ml/data/raw/ravdess/extracted/Actor_18/03-01-08-01-02-01-18.wav,03-01-08-01-02-01-18.wav,03,01,08,surprised,01,normal,02,01,18,female,validation,48000,1,PCM_16,168168,3.503500
ml/data/raw/ravdess/extracted/Actor_18/03-01-08-01-02-02-18.wav,03-01-08-01-02-02-18.wav,03,01,08,surprised,01,normal,02,02,18,female,validation,48000,1,PCM_16,168168,3.503500
ml/data/raw/ravdess/extracted/Actor_18/03-01-08-02-01-01-18.wav,03-01-08-02-01-01-18.wav,03,01,08,surprised,02,strong,01,01,18,female,validation,48000,1,PCM_16,174575,3.636979
ml/data/raw/ravdess/extracted/Actor_18/03-01-08-02-01-02-18.wav,03-01-08-02-01-02-18.wav,03,01,08,surprised,02,strong,01,02,18,female,validation,48000,1,PCM_16,169770,3.536875
ml/data/raw/ravdess/extracted/Actor_18/03-01-08-02-02-01-18.wav,03-01-08-02-02-01-18.wav,03,01,08,surprised,02,strong,02,01,18,female,validation,48000,1,PCM_16,185786,3.870542
ml/data/raw/ravdess/extracted/Actor_18/03-01-08-02-02-02-18.wav,03-01-08-02-02-02-18.wav,03,01,08,surprised,02,strong,02,02,18,female,validation,48000,1,PCM_16,174574,3.636958
ml/data/raw/ravdess/extracted/Actor_19/03-01-01-01-01-01-19.wav,03-01-01-01-01-01-19.wav,03,01,01,neutral,01,normal,01,01,19,male,validation,48000,1,PCM_16,161762,3.370042
ml/data/raw/ravdess/extracted/Actor_19/03-01-01-01-01-02-19.wav,03-01-01-01-01-02-19.wav,03,01,01,neutral,01,normal,01,02,19,male,validation,48000,1,PCM_16,155355,3.236562
ml/data/raw/ravdess/extracted/Actor_19/03-01-01-01-02-01-19.wav,03-01-01-01-02-01-19.wav,03,01,01,neutral,01,normal,02,01,19,male,validation,48000,1,PCM_16,160160,3.336667
ml/data/raw/ravdess/extracted/Actor_19/03-01-01-01-02-02-19.wav,03-01-01-01-02-02-19.wav,03,01,01,neutral,01,normal,02,02,19,male,validation,48000,1,PCM_16,158558,3.303292
ml/data/raw/ravdess/extracted/Actor_19/03-01-02-01-01-01-19.wav,03-01-02-01-01-01-19.wav,03,01,02,calm,01,normal,01,01,19,male,validation,48000,1,PCM_16,176176,3.670333
ml/data/raw/ravdess/extracted/Actor_19/03-01-02-01-01-02-19.wav,03-01-02-01-01-02-19.wav,03,01,02,calm,01,normal,01,02,19,male,validation,48000,1,PCM_16,176176,3.670333
ml/data/raw/ravdess/extracted/Actor_19/03-01-02-01-02-01-19.wav,03-01-02-01-02-01-19.wav,03,01,02,calm,01,normal,02,01,19,male,validation,48000,1,PCM_16,160160,3.336667
ml/data/raw/ravdess/extracted/Actor_19/03-01-02-01-02-02-19.wav,03-01-02-01-02-02-19.wav,03,01,02,calm,01,normal,02,02,19,male,validation,48000,1,PCM_16,166566,3.470125
ml/data/raw/ravdess/extracted/Actor_19/03-01-02-02-01-01-19.wav,03-01-02-02-01-01-19.wav,03,01,02,calm,02,strong,01,01,19,male,validation,48000,1,PCM_16,214615,4.471146
ml/data/raw/ravdess/extracted/Actor_19/03-01-02-02-01-02-19.wav,03-01-02-02-01-02-19.wav,03,01,02,calm,02,strong,01,02,19,male,validation,48000,1,PCM_16,193794,4.037375
ml/data/raw/ravdess/extracted/Actor_19/03-01-02-02-02-01-19.wav,03-01-02-02-02-01-19.wav,03,01,02,calm,02,strong,02,01,19,male,validation,48000,1,PCM_16,221021,4.604604
ml/data/raw/ravdess/extracted/Actor_19/03-01-02-02-02-02-19.wav,03-01-02-02-02-02-19.wav,03,01,02,calm,02,strong,02,02,19,male,validation,48000,1,PCM_16,206606,4.304292
ml/data/raw/ravdess/extracted/Actor_19/03-01-03-01-01-01-19.wav,03-01-03-01-01-01-19.wav,03,01,03,happy,01,normal,01,01,19,male,validation,48000,1,PCM_16,174574,3.636958
ml/data/raw/ravdess/extracted/Actor_19/03-01-03-01-01-02-19.wav,03-01-03-01-01-02-19.wav,03,01,03,happy,01,normal,01,02,19,male,validation,48000,1,PCM_16,177778,3.703708
ml/data/raw/ravdess/extracted/Actor_19/03-01-03-01-02-01-19.wav,03-01-03-01-02-01-19.wav,03,01,03,happy,01,normal,02,01,19,male,validation,48000,1,PCM_16,156957,3.269938
ml/data/raw/ravdess/extracted/Actor_19/03-01-03-01-02-02-19.wav,03-01-03-01-02-02-19.wav,03,01,03,happy,01,normal,02,02,19,male,validation,48000,1,PCM_16,158559,3.303313
ml/data/raw/ravdess/extracted/Actor_19/03-01-03-02-01-01-19.wav,03-01-03-02-01-01-19.wav,03,01,03,happy,02,strong,01,01,19,male,validation,48000,1,PCM_16,180981,3.770437
ml/data/raw/ravdess/extracted/Actor_19/03-01-03-02-01-02-19.wav,03-01-03-02-01-02-19.wav,03,01,03,happy,02,strong,01,02,19,male,validation,48000,1,PCM_16,182582,3.803792
ml/data/raw/ravdess/extracted/Actor_19/03-01-03-02-02-01-19.wav,03-01-03-02-02-01-19.wav,03,01,03,happy,02,strong,02,01,19,male,validation,48000,1,PCM_16,211411,4.404396
ml/data/raw/ravdess/extracted/Actor_19/03-01-03-02-02-02-19.wav,03-01-03-02-02-02-19.wav,03,01,03,happy,02,strong,02,02,19,male,validation,48000,1,PCM_16,192192,4.004000
ml/data/raw/ravdess/extracted/Actor_19/03-01-04-01-01-01-19.wav,03-01-04-01-01-01-19.wav,03,01,04,sad,01,normal,01,01,19,male,validation,48000,1,PCM_16,164965,3.436771
ml/data/raw/ravdess/extracted/Actor_19/03-01-04-01-01-02-19.wav,03-01-04-01-01-02-19.wav,03,01,04,sad,01,normal,01,02,19,male,validation,48000,1,PCM_16,176176,3.670333
ml/data/raw/ravdess/extracted/Actor_19/03-01-04-01-02-01-19.wav,03-01-04-01-02-01-19.wav,03,01,04,sad,01,normal,02,01,19,male,validation,48000,1,PCM_16,152152,3.169833
ml/data/raw/ravdess/extracted/Actor_19/03-01-04-01-02-02-19.wav,03-01-04-01-02-02-19.wav,03,01,04,sad,01,normal,02,02,19,male,validation,48000,1,PCM_16,176176,3.670333
ml/data/raw/ravdess/extracted/Actor_19/03-01-04-02-01-01-19.wav,03-01-04-02-01-01-19.wav,03,01,04,sad,02,strong,01,01,19,male,validation,48000,1,PCM_16,192192,4.004000
ml/data/raw/ravdess/extracted/Actor_19/03-01-04-02-01-02-19.wav,03-01-04-02-01-02-19.wav,03,01,04,sad,02,strong,01,02,19,male,validation,48000,1,PCM_16,177778,3.703708
ml/data/raw/ravdess/extracted/Actor_19/03-01-04-02-02-01-19.wav,03-01-04-02-02-01-19.wav,03,01,04,sad,02,strong,02,01,19,male,validation,48000,1,PCM_16,163364,3.403417
ml/data/raw/ravdess/extracted/Actor_19/03-01-04-02-02-02-19.wav,03-01-04-02-02-02-19.wav,03,01,04,sad,02,strong,02,02,19,male,validation,48000,1,PCM_16,179380,3.737083
ml/data/raw/ravdess/extracted/Actor_19/03-01-05-01-01-01-19.wav,03-01-05-01-01-01-19.wav,03,01,05,angry,01,normal,01,01,19,male,validation,48000,1,PCM_16,180981,3.770437
ml/data/raw/ravdess/extracted/Actor_19/03-01-05-01-01-02-19.wav,03-01-05-01-01-02-19.wav,03,01,05,angry,01,normal,01,02,19,male,validation,48000,1,PCM_16,177778,3.703708
ml/data/raw/ravdess/extracted/Actor_19/03-01-05-01-02-01-19.wav,03-01-05-01-02-01-19.wav,03,01,05,angry,01,normal,02,01,19,male,validation,48000,1,PCM_16,158559,3.303313
ml/data/raw/ravdess/extracted/Actor_19/03-01-05-01-02-02-19.wav,03-01-05-01-02-02-19.wav,03,01,05,angry,01,normal,02,02,19,male,validation,48000,1,PCM_16,171371,3.570229
ml/data/raw/ravdess/extracted/Actor_19/03-01-05-02-01-01-19.wav,03-01-05-02-01-01-19.wav,03,01,05,angry,02,strong,01,01,19,male,validation,48000,1,PCM_16,190591,3.970646
ml/data/raw/ravdess/extracted/Actor_19/03-01-05-02-01-02-19.wav,03-01-05-02-01-02-19.wav,03,01,05,angry,02,strong,01,02,19,male,validation,48000,1,PCM_16,230630,4.804792
ml/data/raw/ravdess/extracted/Actor_19/03-01-05-02-02-01-19.wav,03-01-05-02-02-01-19.wav,03,01,05,angry,02,strong,02,01,19,male,validation,48000,1,PCM_16,208208,4.337667
ml/data/raw/ravdess/extracted/Actor_19/03-01-05-02-02-02-19.wav,03-01-05-02-02-02-19.wav,03,01,05,angry,02,strong,02,02,19,male,validation,48000,1,PCM_16,196997,4.104104
ml/data/raw/ravdess/extracted/Actor_19/03-01-06-01-01-01-19.wav,03-01-06-01-01-01-19.wav,03,01,06,fearful,01,normal,01,01,19,male,validation,48000,1,PCM_16,177777,3.703688
ml/data/raw/ravdess/extracted/Actor_19/03-01-06-01-01-02-19.wav,03-01-06-01-01-02-19.wav,03,01,06,fearful,01,normal,01,02,19,male,validation,48000,1,PCM_16,168168,3.503500
ml/data/raw/ravdess/extracted/Actor_19/03-01-06-01-02-01-19.wav,03-01-06-01-02-01-19.wav,03,01,06,fearful,01,normal,02,01,19,male,validation,48000,1,PCM_16,180981,3.770437
ml/data/raw/ravdess/extracted/Actor_19/03-01-06-01-02-02-19.wav,03-01-06-01-02-02-19.wav,03,01,06,fearful,01,normal,02,02,19,male,validation,48000,1,PCM_16,169770,3.536875
ml/data/raw/ravdess/extracted/Actor_19/03-01-06-02-01-01-19.wav,03-01-06-02-01-01-19.wav,03,01,06,fearful,02,strong,01,01,19,male,validation,48000,1,PCM_16,184184,3.837167
ml/data/raw/ravdess/extracted/Actor_19/03-01-06-02-01-02-19.wav,03-01-06-02-01-02-19.wav,03,01,06,fearful,02,strong,01,02,19,male,validation,48000,1,PCM_16,209809,4.371021
ml/data/raw/ravdess/extracted/Actor_19/03-01-06-02-02-01-19.wav,03-01-06-02-02-01-19.wav,03,01,06,fearful,02,strong,02,01,19,male,validation,48000,1,PCM_16,171371,3.570229
ml/data/raw/ravdess/extracted/Actor_19/03-01-06-02-02-02-19.wav,03-01-06-02-02-02-19.wav,03,01,06,fearful,02,strong,02,02,19,male,validation,48000,1,PCM_16,193793,4.037354
ml/data/raw/ravdess/extracted/Actor_19/03-01-07-01-01-01-19.wav,03-01-07-01-01-01-19.wav,03,01,07,disgust,01,normal,01,01,19,male,validation,48000,1,PCM_16,206607,4.304312
ml/data/raw/ravdess/extracted/Actor_19/03-01-07-01-01-02-19.wav,03-01-07-01-01-02-19.wav,03,01,07,disgust,01,normal,01,02,19,male,validation,48000,1,PCM_16,232232,4.838167
ml/data/raw/ravdess/extracted/Actor_19/03-01-07-01-02-01-19.wav,03-01-07-01-02-01-19.wav,03,01,07,disgust,01,normal,02,01,19,male,validation,48000,1,PCM_16,200200,4.170833
ml/data/raw/ravdess/extracted/Actor_19/03-01-07-01-02-02-19.wav,03-01-07-01-02-02-19.wav,03,01,07,disgust,01,normal,02,02,19,male,validation,48000,1,PCM_16,188989,3.937271
ml/data/raw/ravdess/extracted/Actor_19/03-01-07-02-01-01-19.wav,03-01-07-02-01-01-19.wav,03,01,07,disgust,02,strong,01,01,19,male,validation,48000,1,PCM_16,230631,4.804812
ml/data/raw/ravdess/extracted/Actor_19/03-01-07-02-01-02-19.wav,03-01-07-02-01-02-19.wav,03,01,07,disgust,02,strong,01,02,19,male,validation,48000,1,PCM_16,253053,5.271937
ml/data/raw/ravdess/extracted/Actor_19/03-01-07-02-02-01-19.wav,03-01-07-02-02-01-19.wav,03,01,07,disgust,02,strong,02,01,19,male,validation,48000,1,PCM_16,235435,4.904896
ml/data/raw/ravdess/extracted/Actor_19/03-01-07-02-02-02-19.wav,03-01-07-02-02-02-19.wav,03,01,07,disgust,02,strong,02,02,19,male,validation,48000,1,PCM_16,237037,4.938271
ml/data/raw/ravdess/extracted/Actor_19/03-01-08-01-01-01-19.wav,03-01-08-01-01-01-19.wav,03,01,08,surprised,01,normal,01,01,19,male,validation,48000,1,PCM_16,179379,3.737062
ml/data/raw/ravdess/extracted/Actor_19/03-01-08-01-01-02-19.wav,03-01-08-01-01-02-19.wav,03,01,08,surprised,01,normal,01,02,19,male,validation,48000,1,PCM_16,169769,3.536854
ml/data/raw/ravdess/extracted/Actor_19/03-01-08-01-02-01-19.wav,03-01-08-01-02-01-19.wav,03,01,08,surprised,01,normal,02,01,19,male,validation,48000,1,PCM_16,196996,4.104083
ml/data/raw/ravdess/extracted/Actor_19/03-01-08-01-02-02-19.wav,03-01-08-01-02-02-19.wav,03,01,08,surprised,01,normal,02,02,19,male,validation,48000,1,PCM_16,147348,3.069750
ml/data/raw/ravdess/extracted/Actor_19/03-01-08-02-01-01-19.wav,03-01-08-02-01-01-19.wav,03,01,08,surprised,02,strong,01,01,19,male,validation,48000,1,PCM_16,196997,4.104104
ml/data/raw/ravdess/extracted/Actor_19/03-01-08-02-01-02-19.wav,03-01-08-02-01-02-19.wav,03,01,08,surprised,02,strong,01,02,19,male,validation,48000,1,PCM_16,222623,4.637979
ml/data/raw/ravdess/extracted/Actor_19/03-01-08-02-02-01-19.wav,03-01-08-02-02-01-19.wav,03,01,08,surprised,02,strong,02,01,19,male,validation,48000,1,PCM_16,155356,3.236583
ml/data/raw/ravdess/extracted/Actor_19/03-01-08-02-02-02-19.wav,03-01-08-02-02-02-19.wav,03,01,08,surprised,02,strong,02,02,19,male,validation,48000,1,PCM_16,156957,3.269938
ml/data/raw/ravdess/extracted/Actor_20/03-01-01-01-01-01-20.wav,03-01-01-01-01-01-20.wav,03,01,01,neutral,01,normal,01,01,20,female,validation,48000,1,PCM_16,166566,3.470125
ml/data/raw/ravdess/extracted/Actor_20/03-01-01-01-01-02-20.wav,03-01-01-01-01-02-20.wav,03,01,01,neutral,01,normal,01,02,20,female,validation,48000,1,PCM_16,171371,3.570229
ml/data/raw/ravdess/extracted/Actor_20/03-01-01-01-02-01-20.wav,03-01-01-01-02-01-20.wav,03,01,01,neutral,01,normal,02,01,20,female,validation,48000,1,PCM_16,164965,3.436771
ml/data/raw/ravdess/extracted/Actor_20/03-01-01-01-02-02-20.wav,03-01-01-01-02-02-20.wav,03,01,01,neutral,01,normal,02,02,20,female,validation,48000,1,PCM_16,169770,3.536875
ml/data/raw/ravdess/extracted/Actor_20/03-01-02-01-01-01-20.wav,03-01-02-01-01-01-20.wav,03,01,02,calm,01,normal,01,01,20,female,validation,48000,1,PCM_16,174574,3.636958
ml/data/raw/ravdess/extracted/Actor_20/03-01-02-01-01-02-20.wav,03-01-02-01-01-02-20.wav,03,01,02,calm,01,normal,01,02,20,female,validation,48000,1,PCM_16,171371,3.570229
ml/data/raw/ravdess/extracted/Actor_20/03-01-02-01-02-01-20.wav,03-01-02-01-02-01-20.wav,03,01,02,calm,01,normal,02,01,20,female,validation,48000,1,PCM_16,160160,3.336667
ml/data/raw/ravdess/extracted/Actor_20/03-01-02-01-02-02-20.wav,03-01-02-01-02-02-20.wav,03,01,02,calm,01,normal,02,02,20,female,validation,48000,1,PCM_16,168168,3.503500
ml/data/raw/ravdess/extracted/Actor_20/03-01-02-02-01-01-20.wav,03-01-02-02-01-01-20.wav,03,01,02,calm,02,strong,01,01,20,female,validation,48000,1,PCM_16,185786,3.870542
ml/data/raw/ravdess/extracted/Actor_20/03-01-02-02-01-02-20.wav,03-01-02-02-01-02-20.wav,03,01,02,calm,02,strong,01,02,20,female,validation,48000,1,PCM_16,195396,4.070750
ml/data/raw/ravdess/extracted/Actor_20/03-01-02-02-02-01-20.wav,03-01-02-02-02-01-20.wav,03,01,02,calm,02,strong,02,01,20,female,validation,48000,1,PCM_16,174574,3.636958
ml/data/raw/ravdess/extracted/Actor_20/03-01-02-02-02-02-20.wav,03-01-02-02-02-02-20.wav,03,01,02,calm,02,strong,02,02,20,female,validation,48000,1,PCM_16,174575,3.636979
ml/data/raw/ravdess/extracted/Actor_20/03-01-03-01-01-01-20.wav,03-01-03-01-01-01-20.wav,03,01,03,happy,01,normal,01,01,20,female,validation,48000,1,PCM_16,169770,3.536875
ml/data/raw/ravdess/extracted/Actor_20/03-01-03-01-01-02-20.wav,03-01-03-01-01-02-20.wav,03,01,03,happy,01,normal,01,02,20,female,validation,48000,1,PCM_16,177777,3.703688
ml/data/raw/ravdess/extracted/Actor_20/03-01-03-01-02-01-20.wav,03-01-03-01-02-01-20.wav,03,01,03,happy,01,normal,02,01,20,female,validation,48000,2,PCM_16,166566,3.470125
ml/data/raw/ravdess/extracted/Actor_20/03-01-03-01-02-02-20.wav,03-01-03-01-02-02-20.wav,03,01,03,happy,01,normal,02,02,20,female,validation,48000,1,PCM_16,163363,3.403396
ml/data/raw/ravdess/extracted/Actor_20/03-01-03-02-01-01-20.wav,03-01-03-02-01-01-20.wav,03,01,03,happy,02,strong,01,01,20,female,validation,48000,1,PCM_16,176176,3.670333
ml/data/raw/ravdess/extracted/Actor_20/03-01-03-02-01-02-20.wav,03-01-03-02-01-02-20.wav,03,01,03,happy,02,strong,01,02,20,female,validation,48000,1,PCM_16,206606,4.304292
ml/data/raw/ravdess/extracted/Actor_20/03-01-03-02-02-01-20.wav,03-01-03-02-02-01-20.wav,03,01,03,happy,02,strong,02,01,20,female,validation,48000,1,PCM_16,171372,3.570250
ml/data/raw/ravdess/extracted/Actor_20/03-01-03-02-02-02-20.wav,03-01-03-02-02-02-20.wav,03,01,03,happy,02,strong,02,02,20,female,validation,48000,1,PCM_16,177778,3.703708
ml/data/raw/ravdess/extracted/Actor_20/03-01-04-01-01-01-20.wav,03-01-04-01-01-01-20.wav,03,01,04,sad,01,normal,01,01,20,female,validation,48000,1,PCM_16,172972,3.603583
ml/data/raw/ravdess/extracted/Actor_20/03-01-04-01-01-02-20.wav,03-01-04-01-01-02-20.wav,03,01,04,sad,01,normal,01,02,20,female,validation,48000,1,PCM_16,168168,3.503500
ml/data/raw/ravdess/extracted/Actor_20/03-01-04-01-02-01-20.wav,03-01-04-01-02-01-20.wav,03,01,04,sad,01,normal,02,01,20,female,validation,48000,1,PCM_16,166566,3.470125
ml/data/raw/ravdess/extracted/Actor_20/03-01-04-01-02-02-20.wav,03-01-04-01-02-02-20.wav,03,01,04,sad,01,normal,02,02,20,female,validation,48000,1,PCM_16,161762,3.370042
ml/data/raw/ravdess/extracted/Actor_20/03-01-04-02-01-01-20.wav,03-01-04-02-01-01-20.wav,03,01,04,sad,02,strong,01,01,20,female,validation,48000,1,PCM_16,180981,3.770437
ml/data/raw/ravdess/extracted/Actor_20/03-01-04-02-01-02-20.wav,03-01-04-02-01-02-20.wav,03,01,04,sad,02,strong,01,02,20,female,validation,48000,1,PCM_16,203403,4.237563
ml/data/raw/ravdess/extracted/Actor_20/03-01-04-02-02-01-20.wav,03-01-04-02-02-01-20.wav,03,01,04,sad,02,strong,02,01,20,female,validation,48000,1,PCM_16,182583,3.803812
ml/data/raw/ravdess/extracted/Actor_20/03-01-04-02-02-02-20.wav,03-01-04-02-02-02-20.wav,03,01,04,sad,02,strong,02,02,20,female,validation,48000,1,PCM_16,190590,3.970625
ml/data/raw/ravdess/extracted/Actor_20/03-01-05-01-01-01-20.wav,03-01-05-01-01-01-20.wav,03,01,05,angry,01,normal,01,01,20,female,validation,48000,1,PCM_16,155356,3.236583
ml/data/raw/ravdess/extracted/Actor_20/03-01-05-01-01-02-20.wav,03-01-05-01-01-02-20.wav,03,01,05,angry,01,normal,01,02,20,female,validation,48000,1,PCM_16,179379,3.737062
ml/data/raw/ravdess/extracted/Actor_20/03-01-05-01-02-01-20.wav,03-01-05-01-02-01-20.wav,03,01,05,angry,01,normal,02,01,20,female,validation,48000,1,PCM_16,176176,3.670333
ml/data/raw/ravdess/extracted/Actor_20/03-01-05-01-02-02-20.wav,03-01-05-01-02-02-20.wav,03,01,05,angry,01,normal,02,02,20,female,validation,48000,1,PCM_16,182582,3.803792
ml/data/raw/ravdess/extracted/Actor_20/03-01-05-02-01-01-20.wav,03-01-05-02-01-01-20.wav,03,01,05,angry,02,strong,01,01,20,female,validation,48000,1,PCM_16,198599,4.137479
ml/data/raw/ravdess/extracted/Actor_20/03-01-05-02-01-02-20.wav,03-01-05-02-01-02-20.wav,03,01,05,angry,02,strong,01,02,20,female,validation,48000,1,PCM_16,195395,4.070729
ml/data/raw/ravdess/extracted/Actor_20/03-01-05-02-02-01-20.wav,03-01-05-02-02-01-20.wav,03,01,05,angry,02,strong,02,01,20,female,validation,48000,1,PCM_16,211412,4.404417
ml/data/raw/ravdess/extracted/Actor_20/03-01-05-02-02-02-20.wav,03-01-05-02-02-02-20.wav,03,01,05,angry,02,strong,02,02,20,female,validation,48000,1,PCM_16,169769,3.536854
ml/data/raw/ravdess/extracted/Actor_20/03-01-06-01-01-01-20.wav,03-01-06-01-01-01-20.wav,03,01,06,fearful,01,normal,01,01,20,female,validation,48000,1,PCM_16,182583,3.803812
ml/data/raw/ravdess/extracted/Actor_20/03-01-06-01-01-02-20.wav,03-01-06-01-01-02-20.wav,03,01,06,fearful,01,normal,01,02,20,female,validation,48000,2,PCM_16,209809,4.371021
ml/data/raw/ravdess/extracted/Actor_20/03-01-06-01-02-01-20.wav,03-01-06-01-02-01-20.wav,03,01,06,fearful,01,normal,02,01,20,female,validation,48000,1,PCM_16,188989,3.937271
ml/data/raw/ravdess/extracted/Actor_20/03-01-06-01-02-02-20.wav,03-01-06-01-02-02-20.wav,03,01,06,fearful,01,normal,02,02,20,female,validation,48000,1,PCM_16,158558,3.303292
ml/data/raw/ravdess/extracted/Actor_20/03-01-06-02-01-01-20.wav,03-01-06-02-01-01-20.wav,03,01,06,fearful,02,strong,01,01,20,female,validation,48000,1,PCM_16,203403,4.237563
ml/data/raw/ravdess/extracted/Actor_20/03-01-06-02-01-02-20.wav,03-01-06-02-01-02-20.wav,03,01,06,fearful,02,strong,01,02,20,female,validation,48000,1,PCM_16,200200,4.170833
ml/data/raw/ravdess/extracted/Actor_20/03-01-06-02-02-01-20.wav,03-01-06-02-02-01-20.wav,03,01,06,fearful,02,strong,02,01,20,female,validation,48000,1,PCM_16,185786,3.870542
ml/data/raw/ravdess/extracted/Actor_20/03-01-06-02-02-02-20.wav,03-01-06-02-02-02-20.wav,03,01,06,fearful,02,strong,02,02,20,female,validation,48000,1,PCM_16,187388,3.903917
ml/data/raw/ravdess/extracted/Actor_20/03-01-07-01-01-01-20.wav,03-01-07-01-01-01-20.wav,03,01,07,disgust,01,normal,01,01,20,female,validation,48000,1,PCM_16,185785,3.870521
ml/data/raw/ravdess/extracted/Actor_20/03-01-07-01-01-02-20.wav,03-01-07-01-01-02-20.wav,03,01,07,disgust,01,normal,01,02,20,female,validation,48000,1,PCM_16,179379,3.737062
ml/data/raw/ravdess/extracted/Actor_20/03-01-07-01-02-01-20.wav,03-01-07-01-02-01-20.wav,03,01,07,disgust,01,normal,02,01,20,female,validation,48000,1,PCM_16,174574,3.636958
ml/data/raw/ravdess/extracted/Actor_20/03-01-07-01-02-02-20.wav,03-01-07-01-02-02-20.wav,03,01,07,disgust,01,normal,02,02,20,female,validation,48000,1,PCM_16,184184,3.837167
ml/data/raw/ravdess/extracted/Actor_20/03-01-07-02-01-01-20.wav,03-01-07-02-01-01-20.wav,03,01,07,disgust,02,strong,01,01,20,female,validation,48000,1,PCM_16,196997,4.104104
ml/data/raw/ravdess/extracted/Actor_20/03-01-07-02-01-02-20.wav,03-01-07-02-01-02-20.wav,03,01,07,disgust,02,strong,01,02,20,female,validation,48000,1,PCM_16,196996,4.104083
ml/data/raw/ravdess/extracted/Actor_20/03-01-07-02-02-01-20.wav,03-01-07-02-02-01-20.wav,03,01,07,disgust,02,strong,02,01,20,female,validation,48000,1,PCM_16,227427,4.738062
ml/data/raw/ravdess/extracted/Actor_20/03-01-07-02-02-02-20.wav,03-01-07-02-02-02-20.wav,03,01,07,disgust,02,strong,02,02,20,female,validation,48000,1,PCM_16,185785,3.870521
ml/data/raw/ravdess/extracted/Actor_20/03-01-08-01-01-01-20.wav,03-01-08-01-01-01-20.wav,03,01,08,surprised,01,normal,01,01,20,female,validation,48000,1,PCM_16,155356,3.236583
ml/data/raw/ravdess/extracted/Actor_20/03-01-08-01-01-02-20.wav,03-01-08-01-01-02-20.wav,03,01,08,surprised,01,normal,01,02,20,female,validation,48000,1,PCM_16,171372,3.570250
ml/data/raw/ravdess/extracted/Actor_20/03-01-08-01-02-01-20.wav,03-01-08-01-02-01-20.wav,03,01,08,surprised,01,normal,02,01,20,female,validation,48000,1,PCM_16,150551,3.136479
ml/data/raw/ravdess/extracted/Actor_20/03-01-08-01-02-02-20.wav,03-01-08-01-02-02-20.wav,03,01,08,surprised,01,normal,02,02,20,female,validation,48000,1,PCM_16,153753,3.203187
ml/data/raw/ravdess/extracted/Actor_20/03-01-08-02-01-01-20.wav,03-01-08-02-01-01-20.wav,03,01,08,surprised,02,strong,01,01,20,female,validation,48000,1,PCM_16,179379,3.737062
ml/data/raw/ravdess/extracted/Actor_20/03-01-08-02-01-02-20.wav,03-01-08-02-01-02-20.wav,03,01,08,surprised,02,strong,01,02,20,female,validation,48000,1,PCM_16,155356,3.236583
ml/data/raw/ravdess/extracted/Actor_20/03-01-08-02-02-01-20.wav,03-01-08-02-02-01-20.wav,03,01,08,surprised,02,strong,02,01,20,female,validation,48000,1,PCM_16,169769,3.536854
ml/data/raw/ravdess/extracted/Actor_20/03-01-08-02-02-02-20.wav,03-01-08-02-02-02-20.wav,03,01,08,surprised,02,strong,02,02,20,female,validation,48000,1,PCM_16,164965,3.436771
ml/data/raw/ravdess/extracted/Actor_21/03-01-01-01-01-01-21.wav,03-01-01-01-01-01-21.wav,03,01,01,neutral,01,normal,01,01,21,male,test,48000,1,PCM_16,184184,3.837167
ml/data/raw/ravdess/extracted/Actor_21/03-01-01-01-01-02-21.wav,03-01-01-01-01-02-21.wav,03,01,01,neutral,01,normal,01,02,21,male,test,48000,1,PCM_16,190590,3.970625
ml/data/raw/ravdess/extracted/Actor_21/03-01-01-01-02-01-21.wav,03-01-01-01-02-01-21.wav,03,01,01,neutral,01,normal,02,01,21,male,test,48000,1,PCM_16,172973,3.603604
ml/data/raw/ravdess/extracted/Actor_21/03-01-01-01-02-02-21.wav,03-01-01-01-02-02-21.wav,03,01,01,neutral,01,normal,02,02,21,male,test,48000,1,PCM_16,176176,3.670333
ml/data/raw/ravdess/extracted/Actor_21/03-01-02-01-01-01-21.wav,03-01-02-01-01-01-21.wav,03,01,02,calm,01,normal,01,01,21,male,test,48000,1,PCM_16,193794,4.037375
ml/data/raw/ravdess/extracted/Actor_21/03-01-02-01-01-02-21.wav,03-01-02-01-01-02-21.wav,03,01,02,calm,01,normal,01,02,21,male,test,48000,1,PCM_16,192192,4.004000
ml/data/raw/ravdess/extracted/Actor_21/03-01-02-01-02-01-21.wav,03-01-02-01-02-01-21.wav,03,01,02,calm,01,normal,02,01,21,male,test,48000,1,PCM_16,182583,3.803812
ml/data/raw/ravdess/extracted/Actor_21/03-01-02-01-02-02-21.wav,03-01-02-01-02-02-21.wav,03,01,02,calm,01,normal,02,02,21,male,test,48000,1,PCM_16,195395,4.070729
ml/data/raw/ravdess/extracted/Actor_21/03-01-02-02-01-01-21.wav,03-01-02-02-01-01-21.wav,03,01,02,calm,02,strong,01,01,21,male,test,48000,1,PCM_16,192192,4.004000
ml/data/raw/ravdess/extracted/Actor_21/03-01-02-02-01-02-21.wav,03-01-02-02-01-02-21.wav,03,01,02,calm,02,strong,01,02,21,male,test,48000,1,PCM_16,200200,4.170833
ml/data/raw/ravdess/extracted/Actor_21/03-01-02-02-02-01-21.wav,03-01-02-02-02-01-21.wav,03,01,02,calm,02,strong,02,01,21,male,test,48000,1,PCM_16,198599,4.137479
ml/data/raw/ravdess/extracted/Actor_21/03-01-02-02-02-02-21.wav,03-01-02-02-02-02-21.wav,03,01,02,calm,02,strong,02,02,21,male,test,48000,1,PCM_16,190590,3.970625
ml/data/raw/ravdess/extracted/Actor_21/03-01-03-01-01-01-21.wav,03-01-03-01-01-01-21.wav,03,01,03,happy,01,normal,01,01,21,male,test,48000,1,PCM_16,184184,3.837167
ml/data/raw/ravdess/extracted/Actor_21/03-01-03-01-01-02-21.wav,03-01-03-01-01-02-21.wav,03,01,03,happy,01,normal,01,02,21,male,test,48000,1,PCM_16,182582,3.803792
ml/data/raw/ravdess/extracted/Actor_21/03-01-03-01-02-01-21.wav,03-01-03-01-02-01-21.wav,03,01,03,happy,01,normal,02,01,21,male,test,48000,1,PCM_16,177778,3.703708
ml/data/raw/ravdess/extracted/Actor_21/03-01-03-01-02-02-21.wav,03-01-03-01-02-02-21.wav,03,01,03,happy,01,normal,02,02,21,male,test,48000,1,PCM_16,184184,3.837167
ml/data/raw/ravdess/extracted/Actor_21/03-01-03-02-01-01-21.wav,03-01-03-02-01-01-21.wav,03,01,03,happy,02,strong,01,01,21,male,test,48000,1,PCM_16,182582,3.803792
ml/data/raw/ravdess/extracted/Actor_21/03-01-03-02-01-02-21.wav,03-01-03-02-01-02-21.wav,03,01,03,happy,02,strong,01,02,21,male,test,48000,1,PCM_16,188989,3.937271
ml/data/raw/ravdess/extracted/Actor_21/03-01-03-02-02-01-21.wav,03-01-03-02-02-01-21.wav,03,01,03,happy,02,strong,02,01,21,male,test,48000,1,PCM_16,176176,3.670333
ml/data/raw/ravdess/extracted/Actor_21/03-01-03-02-02-02-21.wav,03-01-03-02-02-02-21.wav,03,01,03,happy,02,strong,02,02,21,male,test,48000,1,PCM_16,182582,3.803792
ml/data/raw/ravdess/extracted/Actor_21/03-01-04-01-01-01-21.wav,03-01-04-01-01-01-21.wav,03,01,04,sad,01,normal,01,01,21,male,test,48000,1,PCM_16,206606,4.304292
ml/data/raw/ravdess/extracted/Actor_21/03-01-04-01-01-02-21.wav,03-01-04-01-01-02-21.wav,03,01,04,sad,01,normal,01,02,21,male,test,48000,1,PCM_16,221021,4.604604
ml/data/raw/ravdess/extracted/Actor_21/03-01-04-01-02-01-21.wav,03-01-04-01-02-01-21.wav,03,01,04,sad,01,normal,02,01,21,male,test,48000,1,PCM_16,195396,4.070750
ml/data/raw/ravdess/extracted/Actor_21/03-01-04-01-02-02-21.wav,03-01-04-01-02-02-21.wav,03,01,04,sad,01,normal,02,02,21,male,test,48000,1,PCM_16,201801,4.204187
ml/data/raw/ravdess/extracted/Actor_21/03-01-04-02-01-01-21.wav,03-01-04-02-01-01-21.wav,03,01,04,sad,02,strong,01,01,21,male,test,48000,1,PCM_16,200200,4.170833
ml/data/raw/ravdess/extracted/Actor_21/03-01-04-02-01-02-21.wav,03-01-04-02-01-02-21.wav,03,01,04,sad,02,strong,01,02,21,male,test,48000,1,PCM_16,205004,4.270917
ml/data/raw/ravdess/extracted/Actor_21/03-01-04-02-02-01-21.wav,03-01-04-02-02-01-21.wav,03,01,04,sad,02,strong,02,01,21,male,test,48000,1,PCM_16,205005,4.270937
ml/data/raw/ravdess/extracted/Actor_21/03-01-04-02-02-02-21.wav,03-01-04-02-02-02-21.wav,03,01,04,sad,02,strong,02,02,21,male,test,48000,1,PCM_16,198599,4.137479
ml/data/raw/ravdess/extracted/Actor_21/03-01-05-01-01-01-21.wav,03-01-05-01-01-01-21.wav,03,01,05,angry,01,normal,01,01,21,male,test,48000,1,PCM_16,198599,4.137479
ml/data/raw/ravdess/extracted/Actor_21/03-01-05-01-01-02-21.wav,03-01-05-01-01-02-21.wav,03,01,05,angry,01,normal,01,02,21,male,test,48000,1,PCM_16,192192,4.004000
ml/data/raw/ravdess/extracted/Actor_21/03-01-05-01-02-01-21.wav,03-01-05-01-02-01-21.wav,03,01,05,angry,01,normal,02,01,21,male,test,48000,1,PCM_16,195395,4.070729
ml/data/raw/ravdess/extracted/Actor_21/03-01-05-01-02-02-21.wav,03-01-05-01-02-02-21.wav,03,01,05,angry,01,normal,02,02,21,male,test,48000,1,PCM_16,188989,3.937271
ml/data/raw/ravdess/extracted/Actor_21/03-01-05-02-01-01-21.wav,03-01-05-02-01-01-21.wav,03,01,05,angry,02,strong,01,01,21,male,test,48000,1,PCM_16,209810,4.371042
ml/data/raw/ravdess/extracted/Actor_21/03-01-05-02-01-02-21.wav,03-01-05-02-01-02-21.wav,03,01,05,angry,02,strong,01,02,21,male,test,48000,1,PCM_16,214614,4.471125
ml/data/raw/ravdess/extracted/Actor_21/03-01-05-02-02-01-21.wav,03-01-05-02-02-01-21.wav,03,01,05,angry,02,strong,02,01,21,male,test,48000,1,PCM_16,196996,4.104083
ml/data/raw/ravdess/extracted/Actor_21/03-01-05-02-02-02-21.wav,03-01-05-02-02-02-21.wav,03,01,05,angry,02,strong,02,02,21,male,test,48000,1,PCM_16,203403,4.237563
ml/data/raw/ravdess/extracted/Actor_21/03-01-06-01-01-01-21.wav,03-01-06-01-01-01-21.wav,03,01,06,fearful,01,normal,01,01,21,male,test,48000,1,PCM_16,176176,3.670333
ml/data/raw/ravdess/extracted/Actor_21/03-01-06-01-01-02-21.wav,03-01-06-01-01-02-21.wav,03,01,06,fearful,01,normal,01,02,21,male,test,48000,1,PCM_16,180980,3.770417
ml/data/raw/ravdess/extracted/Actor_21/03-01-06-01-02-01-21.wav,03-01-06-01-02-01-21.wav,03,01,06,fearful,01,normal,02,01,21,male,test,48000,1,PCM_16,190590,3.970625
ml/data/raw/ravdess/extracted/Actor_21/03-01-06-01-02-02-21.wav,03-01-06-01-02-02-21.wav,03,01,06,fearful,01,normal,02,02,21,male,test,48000,1,PCM_16,195395,4.070729
ml/data/raw/ravdess/extracted/Actor_21/03-01-06-02-01-01-21.wav,03-01-06-02-01-01-21.wav,03,01,06,fearful,02,strong,01,01,21,male,test,48000,1,PCM_16,190590,3.970625
ml/data/raw/ravdess/extracted/Actor_21/03-01-06-02-01-02-21.wav,03-01-06-02-01-02-21.wav,03,01,06,fearful,02,strong,01,02,21,male,test,48000,1,PCM_16,184184,3.837167
ml/data/raw/ravdess/extracted/Actor_21/03-01-06-02-02-01-21.wav,03-01-06-02-02-01-21.wav,03,01,06,fearful,02,strong,02,01,21,male,test,48000,1,PCM_16,180981,3.770437
ml/data/raw/ravdess/extracted/Actor_21/03-01-06-02-02-02-21.wav,03-01-06-02-02-02-21.wav,03,01,06,fearful,02,strong,02,02,21,male,test,48000,1,PCM_16,174574,3.636958
ml/data/raw/ravdess/extracted/Actor_21/03-01-07-01-01-01-21.wav,03-01-07-01-01-01-21.wav,03,01,07,disgust,01,normal,01,01,21,male,test,48000,1,PCM_16,182582,3.803792
ml/data/raw/ravdess/extracted/Actor_21/03-01-07-01-01-02-21.wav,03-01-07-01-01-02-21.wav,03,01,07,disgust,01,normal,01,02,21,male,test,48000,1,PCM_16,195396,4.070750
ml/data/raw/ravdess/extracted/Actor_21/03-01-07-01-02-01-21.wav,03-01-07-01-02-01-21.wav,03,01,07,disgust,01,normal,02,01,21,male,test,48000,1,PCM_16,174575,3.636979
ml/data/raw/ravdess/extracted/Actor_21/03-01-07-01-02-02-21.wav,03-01-07-01-02-02-21.wav,03,01,07,disgust,01,normal,02,02,21,male,test,48000,1,PCM_16,172973,3.603604
ml/data/raw/ravdess/extracted/Actor_21/03-01-07-02-01-01-21.wav,03-01-07-02-01-01-21.wav,03,01,07,disgust,02,strong,01,01,21,male,test,48000,1,PCM_16,195395,4.070729
ml/data/raw/ravdess/extracted/Actor_21/03-01-07-02-01-02-21.wav,03-01-07-02-01-02-21.wav,03,01,07,disgust,02,strong,01,02,21,male,test,48000,1,PCM_16,193793,4.037354
ml/data/raw/ravdess/extracted/Actor_21/03-01-07-02-02-01-21.wav,03-01-07-02-02-01-21.wav,03,01,07,disgust,02,strong,02,01,21,male,test,48000,1,PCM_16,200200,4.170833
ml/data/raw/ravdess/extracted/Actor_21/03-01-07-02-02-02-21.wav,03-01-07-02-02-02-21.wav,03,01,07,disgust,02,strong,02,02,21,male,test,48000,1,PCM_16,190590,3.970625
ml/data/raw/ravdess/extracted/Actor_21/03-01-08-01-01-01-21.wav,03-01-08-01-01-01-21.wav,03,01,08,surprised,01,normal,01,01,21,male,test,48000,1,PCM_16,168168,3.503500
ml/data/raw/ravdess/extracted/Actor_21/03-01-08-01-01-02-21.wav,03-01-08-01-01-02-21.wav,03,01,08,surprised,01,normal,01,02,21,male,test,48000,1,PCM_16,166566,3.470125
ml/data/raw/ravdess/extracted/Actor_21/03-01-08-01-02-01-21.wav,03-01-08-01-02-01-21.wav,03,01,08,surprised,01,normal,02,01,21,male,test,48000,1,PCM_16,166567,3.470146
ml/data/raw/ravdess/extracted/Actor_21/03-01-08-01-02-02-21.wav,03-01-08-01-02-02-21.wav,03,01,08,surprised,01,normal,02,02,21,male,test,48000,1,PCM_16,171371,3.570229
ml/data/raw/ravdess/extracted/Actor_21/03-01-08-02-01-01-21.wav,03-01-08-02-01-01-21.wav,03,01,08,surprised,02,strong,01,01,21,male,test,48000,1,PCM_16,174574,3.636958
ml/data/raw/ravdess/extracted/Actor_21/03-01-08-02-01-02-21.wav,03-01-08-02-01-02-21.wav,03,01,08,surprised,02,strong,01,02,21,male,test,48000,1,PCM_16,174575,3.636979
ml/data/raw/ravdess/extracted/Actor_21/03-01-08-02-02-01-21.wav,03-01-08-02-02-01-21.wav,03,01,08,surprised,02,strong,02,01,21,male,test,48000,1,PCM_16,166567,3.470146
ml/data/raw/ravdess/extracted/Actor_21/03-01-08-02-02-02-21.wav,03-01-08-02-02-02-21.wav,03,01,08,surprised,02,strong,02,02,21,male,test,48000,1,PCM_16,169770,3.536875
ml/data/raw/ravdess/extracted/Actor_22/03-01-01-01-01-01-22.wav,03-01-01-01-01-01-22.wav,03,01,01,neutral,01,normal,01,01,22,female,test,48000,1,PCM_16,174575,3.636979
ml/data/raw/ravdess/extracted/Actor_22/03-01-01-01-01-02-22.wav,03-01-01-01-01-02-22.wav,03,01,01,neutral,01,normal,01,02,22,female,test,48000,1,PCM_16,164965,3.436771
ml/data/raw/ravdess/extracted/Actor_22/03-01-01-01-02-01-22.wav,03-01-01-01-02-01-22.wav,03,01,01,neutral,01,normal,02,01,22,female,test,48000,1,PCM_16,172972,3.603583
ml/data/raw/ravdess/extracted/Actor_22/03-01-01-01-02-02-22.wav,03-01-01-01-02-02-22.wav,03,01,01,neutral,01,normal,02,02,22,female,test,48000,1,PCM_16,169769,3.536854
ml/data/raw/ravdess/extracted/Actor_22/03-01-02-01-01-01-22.wav,03-01-02-01-01-01-22.wav,03,01,02,calm,01,normal,01,01,22,female,test,48000,1,PCM_16,169769,3.536854
ml/data/raw/ravdess/extracted/Actor_22/03-01-02-01-01-02-22.wav,03-01-02-01-01-02-22.wav,03,01,02,calm,01,normal,01,02,22,female,test,48000,1,PCM_16,171371,3.570229
ml/data/raw/ravdess/extracted/Actor_22/03-01-02-01-02-01-22.wav,03-01-02-01-02-01-22.wav,03,01,02,calm,01,normal,02,01,22,female,test,48000,1,PCM_16,171371,3.570229
ml/data/raw/ravdess/extracted/Actor_22/03-01-02-01-02-02-22.wav,03-01-02-01-02-02-22.wav,03,01,02,calm,01,normal,02,02,22,female,test,48000,1,PCM_16,169770,3.536875
ml/data/raw/ravdess/extracted/Actor_22/03-01-02-02-01-01-22.wav,03-01-02-02-01-01-22.wav,03,01,02,calm,02,strong,01,01,22,female,test,48000,1,PCM_16,177778,3.703708
ml/data/raw/ravdess/extracted/Actor_22/03-01-02-02-01-02-22.wav,03-01-02-02-01-02-22.wav,03,01,02,calm,02,strong,01,02,22,female,test,48000,1,PCM_16,184184,3.837167
ml/data/raw/ravdess/extracted/Actor_22/03-01-02-02-02-01-22.wav,03-01-02-02-02-01-22.wav,03,01,02,calm,02,strong,02,01,22,female,test,48000,1,PCM_16,174574,3.636958
ml/data/raw/ravdess/extracted/Actor_22/03-01-02-02-02-02-22.wav,03-01-02-02-02-02-22.wav,03,01,02,calm,02,strong,02,02,22,female,test,48000,1,PCM_16,180981,3.770437
ml/data/raw/ravdess/extracted/Actor_22/03-01-03-01-01-01-22.wav,03-01-03-01-01-01-22.wav,03,01,03,happy,01,normal,01,01,22,female,test,48000,1,PCM_16,169770,3.536875
ml/data/raw/ravdess/extracted/Actor_22/03-01-03-01-01-02-22.wav,03-01-03-01-01-02-22.wav,03,01,03,happy,01,normal,01,02,22,female,test,48000,1,PCM_16,164965,3.436771
ml/data/raw/ravdess/extracted/Actor_22/03-01-03-01-02-01-22.wav,03-01-03-01-02-01-22.wav,03,01,03,happy,01,normal,02,01,22,female,test,48000,1,PCM_16,168168,3.503500
ml/data/raw/ravdess/extracted/Actor_22/03-01-03-01-02-02-22.wav,03-01-03-01-02-02-22.wav,03,01,03,happy,01,normal,02,02,22,female,test,48000,1,PCM_16,168168,3.503500
ml/data/raw/ravdess/extracted/Actor_22/03-01-03-02-01-01-22.wav,03-01-03-02-01-01-22.wav,03,01,03,happy,02,strong,01,01,22,female,test,48000,1,PCM_16,179380,3.737083
ml/data/raw/ravdess/extracted/Actor_22/03-01-03-02-01-02-22.wav,03-01-03-02-01-02-22.wav,03,01,03,happy,02,strong,01,02,22,female,test,48000,1,PCM_16,184184,3.837167
ml/data/raw/ravdess/extracted/Actor_22/03-01-03-02-02-01-22.wav,03-01-03-02-02-01-22.wav,03,01,03,happy,02,strong,02,01,22,female,test,48000,1,PCM_16,176176,3.670333
ml/data/raw/ravdess/extracted/Actor_22/03-01-03-02-02-02-22.wav,03-01-03-02-02-02-22.wav,03,01,03,happy,02,strong,02,02,22,female,test,48000,1,PCM_16,188989,3.937271
ml/data/raw/ravdess/extracted/Actor_22/03-01-04-01-01-01-22.wav,03-01-04-01-01-01-22.wav,03,01,04,sad,01,normal,01,01,22,female,test,48000,1,PCM_16,172973,3.603604
ml/data/raw/ravdess/extracted/Actor_22/03-01-04-01-01-02-22.wav,03-01-04-01-01-02-22.wav,03,01,04,sad,01,normal,01,02,22,female,test,48000,1,PCM_16,177778,3.703708
ml/data/raw/ravdess/extracted/Actor_22/03-01-04-01-02-01-22.wav,03-01-04-01-02-01-22.wav,03,01,04,sad,01,normal,02,01,22,female,test,48000,1,PCM_16,176176,3.670333
ml/data/raw/ravdess/extracted/Actor_22/03-01-04-01-02-02-22.wav,03-01-04-01-02-02-22.wav,03,01,04,sad,01,normal,02,02,22,female,test,48000,1,PCM_16,177778,3.703708
ml/data/raw/ravdess/extracted/Actor_22/03-01-04-02-01-01-22.wav,03-01-04-02-01-01-22.wav,03,01,04,sad,02,strong,01,01,22,female,test,48000,1,PCM_16,179379,3.737062
ml/data/raw/ravdess/extracted/Actor_22/03-01-04-02-01-02-22.wav,03-01-04-02-01-02-22.wav,03,01,04,sad,02,strong,01,02,22,female,test,48000,1,PCM_16,174575,3.636979
ml/data/raw/ravdess/extracted/Actor_22/03-01-04-02-02-01-22.wav,03-01-04-02-02-01-22.wav,03,01,04,sad,02,strong,02,01,22,female,test,48000,1,PCM_16,179380,3.737083
ml/data/raw/ravdess/extracted/Actor_22/03-01-04-02-02-02-22.wav,03-01-04-02-02-02-22.wav,03,01,04,sad,02,strong,02,02,22,female,test,48000,1,PCM_16,184184,3.837167
ml/data/raw/ravdess/extracted/Actor_22/03-01-05-01-01-01-22.wav,03-01-05-01-01-01-22.wav,03,01,05,angry,01,normal,01,01,22,female,test,48000,1,PCM_16,177778,3.703708
ml/data/raw/ravdess/extracted/Actor_22/03-01-05-01-01-02-22.wav,03-01-05-01-01-02-22.wav,03,01,05,angry,01,normal,01,02,22,female,test,48000,1,PCM_16,179379,3.737062
ml/data/raw/ravdess/extracted/Actor_22/03-01-05-01-02-01-22.wav,03-01-05-01-02-01-22.wav,03,01,05,angry,01,normal,02,01,22,female,test,48000,1,PCM_16,185785,3.870521
ml/data/raw/ravdess/extracted/Actor_22/03-01-05-01-02-02-22.wav,03-01-05-01-02-02-22.wav,03,01,05,angry,01,normal,02,02,22,female,test,48000,1,PCM_16,193793,4.037354
ml/data/raw/ravdess/extracted/Actor_22/03-01-05-02-01-01-22.wav,03-01-05-02-01-01-22.wav,03,01,05,angry,02,strong,01,01,22,female,test,48000,1,PCM_16,185786,3.870542
ml/data/raw/ravdess/extracted/Actor_22/03-01-05-02-01-02-22.wav,03-01-05-02-01-02-22.wav,03,01,05,angry,02,strong,01,02,22,female,test,48000,1,PCM_16,187387,3.903896
ml/data/raw/ravdess/extracted/Actor_22/03-01-05-02-02-01-22.wav,03-01-05-02-02-01-22.wav,03,01,05,angry,02,strong,02,01,22,female,test,48000,1,PCM_16,203404,4.237583
ml/data/raw/ravdess/extracted/Actor_22/03-01-05-02-02-02-22.wav,03-01-05-02-02-02-22.wav,03,01,05,angry,02,strong,02,02,22,female,test,48000,1,PCM_16,201802,4.204208
ml/data/raw/ravdess/extracted/Actor_22/03-01-06-01-01-01-22.wav,03-01-06-01-01-01-22.wav,03,01,06,fearful,01,normal,01,01,22,female,test,48000,1,PCM_16,171372,3.570250
ml/data/raw/ravdess/extracted/Actor_22/03-01-06-01-01-02-22.wav,03-01-06-01-01-02-22.wav,03,01,06,fearful,01,normal,01,02,22,female,test,48000,1,PCM_16,172973,3.603604
ml/data/raw/ravdess/extracted/Actor_22/03-01-06-01-02-01-22.wav,03-01-06-01-02-01-22.wav,03,01,06,fearful,01,normal,02,01,22,female,test,48000,1,PCM_16,176176,3.670333
ml/data/raw/ravdess/extracted/Actor_22/03-01-06-01-02-02-22.wav,03-01-06-01-02-02-22.wav,03,01,06,fearful,01,normal,02,02,22,female,test,48000,1,PCM_16,169770,3.536875
ml/data/raw/ravdess/extracted/Actor_22/03-01-06-02-01-01-22.wav,03-01-06-02-01-01-22.wav,03,01,06,fearful,02,strong,01,01,22,female,test,48000,1,PCM_16,171371,3.570229
ml/data/raw/ravdess/extracted/Actor_22/03-01-06-02-01-02-22.wav,03-01-06-02-01-02-22.wav,03,01,06,fearful,02,strong,01,02,22,female,test,48000,1,PCM_16,171371,3.570229
ml/data/raw/ravdess/extracted/Actor_22/03-01-06-02-02-01-22.wav,03-01-06-02-02-01-22.wav,03,01,06,fearful,02,strong,02,01,22,female,test,48000,1,PCM_16,176176,3.670333
ml/data/raw/ravdess/extracted/Actor_22/03-01-06-02-02-02-22.wav,03-01-06-02-02-02-22.wav,03,01,06,fearful,02,strong,02,02,22,female,test,48000,1,PCM_16,172973,3.603604
ml/data/raw/ravdess/extracted/Actor_22/03-01-07-01-01-01-22.wav,03-01-07-01-01-01-22.wav,03,01,07,disgust,01,normal,01,01,22,female,test,48000,1,PCM_16,177777,3.703688
ml/data/raw/ravdess/extracted/Actor_22/03-01-07-01-01-02-22.wav,03-01-07-01-01-02-22.wav,03,01,07,disgust,01,normal,01,02,22,female,test,48000,1,PCM_16,187387,3.903896
ml/data/raw/ravdess/extracted/Actor_22/03-01-07-01-02-01-22.wav,03-01-07-01-02-01-22.wav,03,01,07,disgust,01,normal,02,01,22,female,test,48000,1,PCM_16,182582,3.803792
ml/data/raw/ravdess/extracted/Actor_22/03-01-07-01-02-02-22.wav,03-01-07-01-02-02-22.wav,03,01,07,disgust,01,normal,02,02,22,female,test,48000,1,PCM_16,184184,3.837167
ml/data/raw/ravdess/extracted/Actor_22/03-01-07-02-01-01-22.wav,03-01-07-02-01-01-22.wav,03,01,07,disgust,02,strong,01,01,22,female,test,48000,1,PCM_16,203403,4.237563
ml/data/raw/ravdess/extracted/Actor_22/03-01-07-02-01-02-22.wav,03-01-07-02-01-02-22.wav,03,01,07,disgust,02,strong,01,02,22,female,test,48000,1,PCM_16,200200,4.170833
ml/data/raw/ravdess/extracted/Actor_22/03-01-07-02-02-01-22.wav,03-01-07-02-02-01-22.wav,03,01,07,disgust,02,strong,02,01,22,female,test,48000,1,PCM_16,201802,4.204208
ml/data/raw/ravdess/extracted/Actor_22/03-01-07-02-02-02-22.wav,03-01-07-02-02-02-22.wav,03,01,07,disgust,02,strong,02,02,22,female,test,48000,1,PCM_16,196996,4.104083
ml/data/raw/ravdess/extracted/Actor_22/03-01-08-01-01-01-22.wav,03-01-08-01-01-01-22.wav,03,01,08,surprised,01,normal,01,01,22,female,test,48000,1,PCM_16,169770,3.536875
ml/data/raw/ravdess/extracted/Actor_22/03-01-08-01-01-02-22.wav,03-01-08-01-01-02-22.wav,03,01,08,surprised,01,normal,01,02,22,female,test,48000,1,PCM_16,171371,3.570229
ml/data/raw/ravdess/extracted/Actor_22/03-01-08-01-02-01-22.wav,03-01-08-01-02-01-22.wav,03,01,08,surprised,01,normal,02,01,22,female,test,48000,1,PCM_16,164965,3.436771
ml/data/raw/ravdess/extracted/Actor_22/03-01-08-01-02-02-22.wav,03-01-08-01-02-02-22.wav,03,01,08,surprised,01,normal,02,02,22,female,test,48000,1,PCM_16,172973,3.603604
ml/data/raw/ravdess/extracted/Actor_22/03-01-08-02-01-01-22.wav,03-01-08-02-01-01-22.wav,03,01,08,surprised,02,strong,01,01,22,female,test,48000,1,PCM_16,171371,3.570229
ml/data/raw/ravdess/extracted/Actor_22/03-01-08-02-01-02-22.wav,03-01-08-02-01-02-22.wav,03,01,08,surprised,02,strong,01,02,22,female,test,48000,1,PCM_16,179380,3.737083
ml/data/raw/ravdess/extracted/Actor_22/03-01-08-02-02-01-22.wav,03-01-08-02-02-01-22.wav,03,01,08,surprised,02,strong,02,01,22,female,test,48000,1,PCM_16,177778,3.703708
ml/data/raw/ravdess/extracted/Actor_22/03-01-08-02-02-02-22.wav,03-01-08-02-02-02-22.wav,03,01,08,surprised,02,strong,02,02,22,female,test,48000,1,PCM_16,174574,3.636958
ml/data/raw/ravdess/extracted/Actor_23/03-01-01-01-01-01-23.wav,03-01-01-01-01-01-23.wav,03,01,01,neutral,01,normal,01,01,23,male,test,48000,1,PCM_16,182582,3.803792
ml/data/raw/ravdess/extracted/Actor_23/03-01-01-01-01-02-23.wav,03-01-01-01-01-02-23.wav,03,01,01,neutral,01,normal,01,02,23,male,test,48000,1,PCM_16,179379,3.737062
ml/data/raw/ravdess/extracted/Actor_23/03-01-01-01-02-01-23.wav,03-01-01-01-02-01-23.wav,03,01,01,neutral,01,normal,02,01,23,male,test,48000,1,PCM_16,176176,3.670333
ml/data/raw/ravdess/extracted/Actor_23/03-01-01-01-02-02-23.wav,03-01-01-01-02-02-23.wav,03,01,01,neutral,01,normal,02,02,23,male,test,48000,1,PCM_16,184184,3.837167
ml/data/raw/ravdess/extracted/Actor_23/03-01-02-01-01-01-23.wav,03-01-02-01-01-01-23.wav,03,01,02,calm,01,normal,01,01,23,male,test,48000,1,PCM_16,190590,3.970625
ml/data/raw/ravdess/extracted/Actor_23/03-01-02-01-01-02-23.wav,03-01-02-01-01-02-23.wav,03,01,02,calm,01,normal,01,02,23,male,test,48000,1,PCM_16,195395,4.070729
ml/data/raw/ravdess/extracted/Actor_23/03-01-02-01-02-01-23.wav,03-01-02-01-02-01-23.wav,03,01,02,calm,01,normal,02,01,23,male,test,48000,1,PCM_16,200200,4.170833
ml/data/raw/ravdess/extracted/Actor_23/03-01-02-01-02-02-23.wav,03-01-02-01-02-02-23.wav,03,01,02,calm,01,normal,02,02,23,male,test,48000,1,PCM_16,192192,4.004000
ml/data/raw/ravdess/extracted/Actor_23/03-01-02-02-01-01-23.wav,03-01-02-02-01-01-23.wav,03,01,02,calm,02,strong,01,01,23,male,test,48000,1,PCM_16,221021,4.604604
ml/data/raw/ravdess/extracted/Actor_23/03-01-02-02-01-02-23.wav,03-01-02-02-01-02-23.wav,03,01,02,calm,02,strong,01,02,23,male,test,48000,1,PCM_16,221020,4.604583
ml/data/raw/ravdess/extracted/Actor_23/03-01-02-02-02-01-23.wav,03-01-02-02-02-01-23.wav,03,01,02,calm,02,strong,02,01,23,male,test,48000,1,PCM_16,196997,4.104104
ml/data/raw/ravdess/extracted/Actor_23/03-01-02-02-02-02-23.wav,03-01-02-02-02-02-23.wav,03,01,02,calm,02,strong,02,02,23,male,test,48000,1,PCM_16,219419,4.571229
ml/data/raw/ravdess/extracted/Actor_23/03-01-03-01-01-01-23.wav,03-01-03-01-01-01-23.wav,03,01,03,happy,01,normal,01,01,23,male,test,48000,1,PCM_16,160160,3.336667
ml/data/raw/ravdess/extracted/Actor_23/03-01-03-01-01-02-23.wav,03-01-03-01-01-02-23.wav,03,01,03,happy,01,normal,01,02,23,male,test,48000,1,PCM_16,156957,3.269938
ml/data/raw/ravdess/extracted/Actor_23/03-01-03-01-02-01-23.wav,03-01-03-01-02-01-23.wav,03,01,03,happy,01,normal,02,01,23,male,test,48000,1,PCM_16,155355,3.236562
ml/data/raw/ravdess/extracted/Actor_23/03-01-03-01-02-02-23.wav,03-01-03-01-02-02-23.wav,03,01,03,happy,01,normal,02,02,23,male,test,48000,1,PCM_16,156957,3.269938
ml/data/raw/ravdess/extracted/Actor_23/03-01-03-02-01-01-23.wav,03-01-03-02-01-01-23.wav,03,01,03,happy,02,strong,01,01,23,male,test,48000,1,PCM_16,155356,3.236583
ml/data/raw/ravdess/extracted/Actor_23/03-01-03-02-01-02-23.wav,03-01-03-02-01-02-23.wav,03,01,03,happy,02,strong,01,02,23,male,test,48000,1,PCM_16,153753,3.203187
ml/data/raw/ravdess/extracted/Actor_23/03-01-03-02-02-01-23.wav,03-01-03-02-02-01-23.wav,03,01,03,happy,02,strong,02,01,23,male,test,48000,1,PCM_16,155355,3.236562
ml/data/raw/ravdess/extracted/Actor_23/03-01-03-02-02-02-23.wav,03-01-03-02-02-02-23.wav,03,01,03,happy,02,strong,02,02,23,male,test,48000,1,PCM_16,155355,3.236562
ml/data/raw/ravdess/extracted/Actor_23/03-01-04-01-01-01-23.wav,03-01-04-01-01-01-23.wav,03,01,04,sad,01,normal,01,01,23,male,test,48000,1,PCM_16,172973,3.603604
ml/data/raw/ravdess/extracted/Actor_23/03-01-04-01-01-02-23.wav,03-01-04-01-01-02-23.wav,03,01,04,sad,01,normal,01,02,23,male,test,48000,1,PCM_16,185786,3.870542
ml/data/raw/ravdess/extracted/Actor_23/03-01-04-01-02-01-23.wav,03-01-04-01-02-01-23.wav,03,01,04,sad,01,normal,02,01,23,male,test,48000,1,PCM_16,171371,3.570229
ml/data/raw/ravdess/extracted/Actor_23/03-01-04-01-02-02-23.wav,03-01-04-01-02-02-23.wav,03,01,04,sad,01,normal,02,02,23,male,test,48000,1,PCM_16,176176,3.670333
ml/data/raw/ravdess/extracted/Actor_23/03-01-04-02-01-01-23.wav,03-01-04-02-01-01-23.wav,03,01,04,sad,02,strong,01,01,23,male,test,48000,1,PCM_16,205005,4.270937
ml/data/raw/ravdess/extracted/Actor_23/03-01-04-02-01-02-23.wav,03-01-04-02-01-02-23.wav,03,01,04,sad,02,strong,01,02,23,male,test,48000,1,PCM_16,209809,4.371021
ml/data/raw/ravdess/extracted/Actor_23/03-01-04-02-02-01-23.wav,03-01-04-02-02-01-23.wav,03,01,04,sad,02,strong,02,01,23,male,test,48000,1,PCM_16,188989,3.937271
ml/data/raw/ravdess/extracted/Actor_23/03-01-04-02-02-02-23.wav,03-01-04-02-02-02-23.wav,03,01,04,sad,02,strong,02,02,23,male,test,48000,1,PCM_16,227427,4.738062
ml/data/raw/ravdess/extracted/Actor_23/03-01-05-01-01-01-23.wav,03-01-05-01-01-01-23.wav,03,01,05,angry,01,normal,01,01,23,male,test,48000,1,PCM_16,158559,3.303313
ml/data/raw/ravdess/extracted/Actor_23/03-01-05-01-01-02-23.wav,03-01-05-01-01-02-23.wav,03,01,05,angry,01,normal,01,02,23,male,test,48000,1,PCM_16,158559,3.303313
ml/data/raw/ravdess/extracted/Actor_23/03-01-05-01-02-01-23.wav,03-01-05-01-02-01-23.wav,03,01,05,angry,01,normal,02,01,23,male,test,48000,1,PCM_16,156957,3.269938
ml/data/raw/ravdess/extracted/Actor_23/03-01-05-01-02-02-23.wav,03-01-05-01-02-02-23.wav,03,01,05,angry,01,normal,02,02,23,male,test,48000,1,PCM_16,160160,3.336667
ml/data/raw/ravdess/extracted/Actor_23/03-01-05-02-01-01-23.wav,03-01-05-02-01-01-23.wav,03,01,05,angry,02,strong,01,01,23,male,test,48000,1,PCM_16,163363,3.403396
ml/data/raw/ravdess/extracted/Actor_23/03-01-05-02-01-02-23.wav,03-01-05-02-01-02-23.wav,03,01,05,angry,02,strong,01,02,23,male,test,48000,1,PCM_16,160160,3.336667
ml/data/raw/ravdess/extracted/Actor_23/03-01-05-02-02-01-23.wav,03-01-05-02-02-01-23.wav,03,01,05,angry,02,strong,02,01,23,male,test,48000,1,PCM_16,155355,3.236562
ml/data/raw/ravdess/extracted/Actor_23/03-01-05-02-02-02-23.wav,03-01-05-02-02-02-23.wav,03,01,05,angry,02,strong,02,02,23,male,test,48000,1,PCM_16,158558,3.303292
ml/data/raw/ravdess/extracted/Actor_23/03-01-06-01-01-01-23.wav,03-01-06-01-01-01-23.wav,03,01,06,fearful,01,normal,01,01,23,male,test,48000,1,PCM_16,164965,3.436771
ml/data/raw/ravdess/extracted/Actor_23/03-01-06-01-01-02-23.wav,03-01-06-01-01-02-23.wav,03,01,06,fearful,01,normal,01,02,23,male,test,48000,1,PCM_16,155355,3.236562
ml/data/raw/ravdess/extracted/Actor_23/03-01-06-01-02-01-23.wav,03-01-06-01-02-01-23.wav,03,01,06,fearful,01,normal,02,01,23,male,test,48000,1,PCM_16,150550,3.136458
ml/data/raw/ravdess/extracted/Actor_23/03-01-06-01-02-02-23.wav,03-01-06-01-02-02-23.wav,03,01,06,fearful,01,normal,02,02,23,male,test,48000,1,PCM_16,148949,3.103104
ml/data/raw/ravdess/extracted/Actor_23/03-01-06-02-01-01-23.wav,03-01-06-02-01-01-23.wav,03,01,06,fearful,02,strong,01,01,23,male,test,48000,1,PCM_16,171371,3.570229
ml/data/raw/ravdess/extracted/Actor_23/03-01-06-02-01-02-23.wav,03-01-06-02-01-02-23.wav,03,01,06,fearful,02,strong,01,02,23,male,test,48000,1,PCM_16,164965,3.436771
ml/data/raw/ravdess/extracted/Actor_23/03-01-06-02-02-01-23.wav,03-01-06-02-02-01-23.wav,03,01,06,fearful,02,strong,02,01,23,male,test,48000,1,PCM_16,171372,3.570250
ml/data/raw/ravdess/extracted/Actor_23/03-01-06-02-02-02-23.wav,03-01-06-02-02-02-23.wav,03,01,06,fearful,02,strong,02,02,23,male,test,48000,1,PCM_16,169770,3.536875
ml/data/raw/ravdess/extracted/Actor_23/03-01-07-01-01-01-23.wav,03-01-07-01-01-01-23.wav,03,01,07,disgust,01,normal,01,01,23,male,test,48000,1,PCM_16,171371,3.570229
ml/data/raw/ravdess/extracted/Actor_23/03-01-07-01-01-02-23.wav,03-01-07-01-01-02-23.wav,03,01,07,disgust,01,normal,01,02,23,male,test,48000,1,PCM_16,171371,3.570229
ml/data/raw/ravdess/extracted/Actor_23/03-01-07-01-02-01-23.wav,03-01-07-01-02-01-23.wav,03,01,07,disgust,01,normal,02,01,23,male,test,48000,1,PCM_16,166566,3.470125
ml/data/raw/ravdess/extracted/Actor_23/03-01-07-01-02-02-23.wav,03-01-07-01-02-02-23.wav,03,01,07,disgust,01,normal,02,02,23,male,test,48000,1,PCM_16,160160,3.336667
ml/data/raw/ravdess/extracted/Actor_23/03-01-07-02-01-01-23.wav,03-01-07-02-01-01-23.wav,03,01,07,disgust,02,strong,01,01,23,male,test,48000,1,PCM_16,195395,4.070729
ml/data/raw/ravdess/extracted/Actor_23/03-01-07-02-01-02-23.wav,03-01-07-02-01-02-23.wav,03,01,07,disgust,02,strong,01,02,23,male,test,48000,1,PCM_16,185785,3.870521
ml/data/raw/ravdess/extracted/Actor_23/03-01-07-02-02-01-23.wav,03-01-07-02-02-01-23.wav,03,01,07,disgust,02,strong,02,01,23,male,test,48000,1,PCM_16,179379,3.737062
ml/data/raw/ravdess/extracted/Actor_23/03-01-07-02-02-02-23.wav,03-01-07-02-02-02-23.wav,03,01,07,disgust,02,strong,02,02,23,male,test,48000,1,PCM_16,185785,3.870521
ml/data/raw/ravdess/extracted/Actor_23/03-01-08-01-01-01-23.wav,03-01-08-01-01-01-23.wav,03,01,08,surprised,01,normal,01,01,23,male,test,48000,1,PCM_16,156957,3.269938
ml/data/raw/ravdess/extracted/Actor_23/03-01-08-01-01-02-23.wav,03-01-08-01-01-02-23.wav,03,01,08,surprised,01,normal,01,02,23,male,test,48000,1,PCM_16,155355,3.236562
ml/data/raw/ravdess/extracted/Actor_23/03-01-08-01-02-01-23.wav,03-01-08-01-02-01-23.wav,03,01,08,surprised,01,normal,02,01,23,male,test,48000,1,PCM_16,158558,3.303292
ml/data/raw/ravdess/extracted/Actor_23/03-01-08-01-02-02-23.wav,03-01-08-01-02-02-23.wav,03,01,08,surprised,01,normal,02,02,23,male,test,48000,1,PCM_16,158559,3.303313
ml/data/raw/ravdess/extracted/Actor_23/03-01-08-02-01-01-23.wav,03-01-08-02-01-01-23.wav,03,01,08,surprised,02,strong,01,01,23,male,test,48000,1,PCM_16,168168,3.503500
ml/data/raw/ravdess/extracted/Actor_23/03-01-08-02-01-02-23.wav,03-01-08-02-01-02-23.wav,03,01,08,surprised,02,strong,01,02,23,male,test,48000,1,PCM_16,161761,3.370021
ml/data/raw/ravdess/extracted/Actor_23/03-01-08-02-02-01-23.wav,03-01-08-02-02-01-23.wav,03,01,08,surprised,02,strong,02,01,23,male,test,48000,1,PCM_16,160160,3.336667
ml/data/raw/ravdess/extracted/Actor_23/03-01-08-02-02-02-23.wav,03-01-08-02-02-02-23.wav,03,01,08,surprised,02,strong,02,02,23,male,test,48000,1,PCM_16,158558,3.303292
ml/data/raw/ravdess/extracted/Actor_24/03-01-01-01-01-01-24.wav,03-01-01-01-01-01-24.wav,03,01,01,neutral,01,normal,01,01,24,female,test,48000,1,PCM_16,177778,3.703708
ml/data/raw/ravdess/extracted/Actor_24/03-01-01-01-01-02-24.wav,03-01-01-01-01-02-24.wav,03,01,01,neutral,01,normal,01,02,24,female,test,48000,1,PCM_16,174574,3.636958
ml/data/raw/ravdess/extracted/Actor_24/03-01-01-01-02-01-24.wav,03-01-01-01-02-01-24.wav,03,01,01,neutral,01,normal,02,01,24,female,test,48000,1,PCM_16,174575,3.636979
ml/data/raw/ravdess/extracted/Actor_24/03-01-01-01-02-02-24.wav,03-01-01-01-02-02-24.wav,03,01,01,neutral,01,normal,02,02,24,female,test,48000,1,PCM_16,172973,3.603604
ml/data/raw/ravdess/extracted/Actor_24/03-01-02-01-01-01-24.wav,03-01-02-01-01-01-24.wav,03,01,02,calm,01,normal,01,01,24,female,test,48000,1,PCM_16,171371,3.570229
ml/data/raw/ravdess/extracted/Actor_24/03-01-02-01-01-02-24.wav,03-01-02-01-01-02-24.wav,03,01,02,calm,01,normal,01,02,24,female,test,48000,1,PCM_16,168168,3.503500
ml/data/raw/ravdess/extracted/Actor_24/03-01-02-01-02-01-24.wav,03-01-02-01-02-01-24.wav,03,01,02,calm,01,normal,02,01,24,female,test,48000,1,PCM_16,185786,3.870542
ml/data/raw/ravdess/extracted/Actor_24/03-01-02-01-02-02-24.wav,03-01-02-01-02-02-24.wav,03,01,02,calm,01,normal,02,02,24,female,test,48000,1,PCM_16,177777,3.703688
ml/data/raw/ravdess/extracted/Actor_24/03-01-02-02-01-01-24.wav,03-01-02-02-01-01-24.wav,03,01,02,calm,02,strong,01,01,24,female,test,48000,1,PCM_16,196997,4.104104
ml/data/raw/ravdess/extracted/Actor_24/03-01-02-02-01-02-24.wav,03-01-02-02-01-02-24.wav,03,01,02,calm,02,strong,01,02,24,female,test,48000,1,PCM_16,195395,4.070729
ml/data/raw/ravdess/extracted/Actor_24/03-01-02-02-02-01-24.wav,03-01-02-02-02-01-24.wav,03,01,02,calm,02,strong,02,01,24,female,test,48000,1,PCM_16,193794,4.037375
ml/data/raw/ravdess/extracted/Actor_24/03-01-02-02-02-02-24.wav,03-01-02-02-02-02-24.wav,03,01,02,calm,02,strong,02,02,24,female,test,48000,1,PCM_16,196997,4.104104
ml/data/raw/ravdess/extracted/Actor_24/03-01-03-01-01-01-24.wav,03-01-03-01-01-01-24.wav,03,01,03,happy,01,normal,01,01,24,female,test,48000,1,PCM_16,172973,3.603604
ml/data/raw/ravdess/extracted/Actor_24/03-01-03-01-01-02-24.wav,03-01-03-01-01-02-24.wav,03,01,03,happy,01,normal,01,02,24,female,test,48000,1,PCM_16,187387,3.903896
ml/data/raw/ravdess/extracted/Actor_24/03-01-03-01-02-01-24.wav,03-01-03-01-02-01-24.wav,03,01,03,happy,01,normal,02,01,24,female,test,48000,1,PCM_16,168168,3.503500
ml/data/raw/ravdess/extracted/Actor_24/03-01-03-01-02-02-24.wav,03-01-03-01-02-02-24.wav,03,01,03,happy,01,normal,02,02,24,female,test,48000,1,PCM_16,179379,3.737062
ml/data/raw/ravdess/extracted/Actor_24/03-01-03-02-01-01-24.wav,03-01-03-02-01-01-24.wav,03,01,03,happy,02,strong,01,01,24,female,test,48000,1,PCM_16,192192,4.004000
ml/data/raw/ravdess/extracted/Actor_24/03-01-03-02-01-02-24.wav,03-01-03-02-01-02-24.wav,03,01,03,happy,02,strong,01,02,24,female,test,48000,1,PCM_16,180981,3.770437
ml/data/raw/ravdess/extracted/Actor_24/03-01-03-02-02-01-24.wav,03-01-03-02-02-01-24.wav,03,01,03,happy,02,strong,02,01,24,female,test,48000,1,PCM_16,185786,3.870542
ml/data/raw/ravdess/extracted/Actor_24/03-01-03-02-02-02-24.wav,03-01-03-02-02-02-24.wav,03,01,03,happy,02,strong,02,02,24,female,test,48000,1,PCM_16,185786,3.870542
ml/data/raw/ravdess/extracted/Actor_24/03-01-04-01-01-01-24.wav,03-01-04-01-01-01-24.wav,03,01,04,sad,01,normal,01,01,24,female,test,48000,1,PCM_16,196997,4.104104
ml/data/raw/ravdess/extracted/Actor_24/03-01-04-01-01-02-24.wav,03-01-04-01-01-02-24.wav,03,01,04,sad,01,normal,01,02,24,female,test,48000,1,PCM_16,190590,3.970625
ml/data/raw/ravdess/extracted/Actor_24/03-01-04-01-02-01-24.wav,03-01-04-01-02-01-24.wav,03,01,04,sad,01,normal,02,01,24,female,test,48000,1,PCM_16,169770,3.536875
ml/data/raw/ravdess/extracted/Actor_24/03-01-04-01-02-02-24.wav,03-01-04-01-02-02-24.wav,03,01,04,sad,01,normal,02,02,24,female,test,48000,1,PCM_16,184184,3.837167
ml/data/raw/ravdess/extracted/Actor_24/03-01-04-02-01-01-24.wav,03-01-04-02-01-01-24.wav,03,01,04,sad,02,strong,01,01,24,female,test,48000,1,PCM_16,211411,4.404396
ml/data/raw/ravdess/extracted/Actor_24/03-01-04-02-01-02-24.wav,03-01-04-02-01-02-24.wav,03,01,04,sad,02,strong,01,02,24,female,test,48000,1,PCM_16,219420,4.571250
ml/data/raw/ravdess/extracted/Actor_24/03-01-04-02-02-01-24.wav,03-01-04-02-02-01-24.wav,03,01,04,sad,02,strong,02,01,24,female,test,48000,1,PCM_16,201802,4.204208
ml/data/raw/ravdess/extracted/Actor_24/03-01-04-02-02-02-24.wav,03-01-04-02-02-02-24.wav,03,01,04,sad,02,strong,02,02,24,female,test,48000,1,PCM_16,224224,4.671333
ml/data/raw/ravdess/extracted/Actor_24/03-01-05-01-01-01-24.wav,03-01-05-01-01-01-24.wav,03,01,05,angry,01,normal,01,01,24,female,test,48000,1,PCM_16,196997,4.104104
ml/data/raw/ravdess/extracted/Actor_24/03-01-05-01-01-02-24.wav,03-01-05-01-01-02-24.wav,03,01,05,angry,01,normal,01,02,24,female,test,48000,1,PCM_16,179379,3.737062
ml/data/raw/ravdess/extracted/Actor_24/03-01-05-01-02-01-24.wav,03-01-05-01-02-01-24.wav,03,01,05,angry,01,normal,02,01,24,female,test,48000,1,PCM_16,176176,3.670333
ml/data/raw/ravdess/extracted/Actor_24/03-01-05-01-02-02-24.wav,03-01-05-01-02-02-24.wav,03,01,05,angry,01,normal,02,02,24,female,test,48000,1,PCM_16,201801,4.204187
ml/data/raw/ravdess/extracted/Actor_24/03-01-05-02-01-01-24.wav,03-01-05-02-01-01-24.wav,03,01,05,angry,02,strong,01,01,24,female,test,48000,1,PCM_16,209810,4.371042
ml/data/raw/ravdess/extracted/Actor_24/03-01-05-02-01-02-24.wav,03-01-05-02-01-02-24.wav,03,01,05,angry,02,strong,01,02,24,female,test,48000,1,PCM_16,209810,4.371042
ml/data/raw/ravdess/extracted/Actor_24/03-01-05-02-02-01-24.wav,03-01-05-02-02-01-24.wav,03,01,05,angry,02,strong,02,01,24,female,test,48000,1,PCM_16,200200,4.170833
ml/data/raw/ravdess/extracted/Actor_24/03-01-05-02-02-02-24.wav,03-01-05-02-02-02-24.wav,03,01,05,angry,02,strong,02,02,24,female,test,48000,1,PCM_16,245045,5.105104
ml/data/raw/ravdess/extracted/Actor_24/03-01-06-01-01-01-24.wav,03-01-06-01-01-01-24.wav,03,01,06,fearful,01,normal,01,01,24,female,test,48000,1,PCM_16,196997,4.104104
ml/data/raw/ravdess/extracted/Actor_24/03-01-06-01-01-02-24.wav,03-01-06-01-01-02-24.wav,03,01,06,fearful,01,normal,01,02,24,female,test,48000,1,PCM_16,195395,4.070729
ml/data/raw/ravdess/extracted/Actor_24/03-01-06-01-02-01-24.wav,03-01-06-01-02-01-24.wav,03,01,06,fearful,01,normal,02,01,24,female,test,48000,1,PCM_16,188988,3.937250
ml/data/raw/ravdess/extracted/Actor_24/03-01-06-01-02-02-24.wav,03-01-06-01-02-02-24.wav,03,01,06,fearful,01,normal,02,02,24,female,test,48000,1,PCM_16,192192,4.004000
ml/data/raw/ravdess/extracted/Actor_24/03-01-06-02-01-01-24.wav,03-01-06-02-01-01-24.wav,03,01,06,fearful,02,strong,01,01,24,female,test,48000,1,PCM_16,184184,3.837167
ml/data/raw/ravdess/extracted/Actor_24/03-01-06-02-01-02-24.wav,03-01-06-02-01-02-24.wav,03,01,06,fearful,02,strong,01,02,24,female,test,48000,1,PCM_16,195395,4.070729
ml/data/raw/ravdess/extracted/Actor_24/03-01-06-02-02-01-24.wav,03-01-06-02-02-01-24.wav,03,01,06,fearful,02,strong,02,01,24,female,test,48000,1,PCM_16,172972,3.603583
ml/data/raw/ravdess/extracted/Actor_24/03-01-06-02-02-02-24.wav,03-01-06-02-02-02-24.wav,03,01,06,fearful,02,strong,02,02,24,female,test,48000,1,PCM_16,184184,3.837167
ml/data/raw/ravdess/extracted/Actor_24/03-01-07-01-01-01-24.wav,03-01-07-01-01-01-24.wav,03,01,07,disgust,01,normal,01,01,24,female,test,48000,1,PCM_16,206606,4.304292
ml/data/raw/ravdess/extracted/Actor_24/03-01-07-01-01-02-24.wav,03-01-07-01-01-02-24.wav,03,01,07,disgust,01,normal,01,02,24,female,test,48000,1,PCM_16,196997,4.104104
ml/data/raw/ravdess/extracted/Actor_24/03-01-07-01-02-01-24.wav,03-01-07-01-02-01-24.wav,03,01,07,disgust,01,normal,02,01,24,female,test,48000,1,PCM_16,192192,4.004000
ml/data/raw/ravdess/extracted/Actor_24/03-01-07-01-02-02-24.wav,03-01-07-01-02-02-24.wav,03,01,07,disgust,01,normal,02,02,24,female,test,48000,1,PCM_16,195395,4.070729
ml/data/raw/ravdess/extracted/Actor_24/03-01-07-02-01-01-24.wav,03-01-07-02-01-01-24.wav,03,01,07,disgust,02,strong,01,01,24,female,test,48000,1,PCM_16,208208,4.337667
ml/data/raw/ravdess/extracted/Actor_24/03-01-07-02-01-02-24.wav,03-01-07-02-01-02-24.wav,03,01,07,disgust,02,strong,01,02,24,female,test,48000,1,PCM_16,222622,4.637958
ml/data/raw/ravdess/extracted/Actor_24/03-01-07-02-02-01-24.wav,03-01-07-02-02-01-24.wav,03,01,07,disgust,02,strong,02,01,24,female,test,48000,1,PCM_16,203403,4.237563
ml/data/raw/ravdess/extracted/Actor_24/03-01-07-02-02-02-24.wav,03-01-07-02-02-02-24.wav,03,01,07,disgust,02,strong,02,02,24,female,test,48000,1,PCM_16,213013,4.437771
ml/data/raw/ravdess/extracted/Actor_24/03-01-08-01-01-01-24.wav,03-01-08-01-01-01-24.wav,03,01,08,surprised,01,normal,01,01,24,female,test,48000,1,PCM_16,158559,3.303313
ml/data/raw/ravdess/extracted/Actor_24/03-01-08-01-01-02-24.wav,03-01-08-01-01-02-24.wav,03,01,08,surprised,01,normal,01,02,24,female,test,48000,1,PCM_16,166567,3.470146
ml/data/raw/ravdess/extracted/Actor_24/03-01-08-01-02-01-24.wav,03-01-08-01-02-01-24.wav,03,01,08,surprised,01,normal,02,01,24,female,test,48000,1,PCM_16,161762,3.370042
ml/data/raw/ravdess/extracted/Actor_24/03-01-08-01-02-02-24.wav,03-01-08-01-02-02-24.wav,03,01,08,surprised,01,normal,02,02,24,female,test,48000,1,PCM_16,163363,3.403396
ml/data/raw/ravdess/extracted/Actor_24/03-01-08-02-01-01-24.wav,03-01-08-02-01-01-24.wav,03,01,08,surprised,02,strong,01,01,24,female,test,48000,1,PCM_16,188989,3.937271
ml/data/raw/ravdess/extracted/Actor_24/03-01-08-02-01-02-24.wav,03-01-08-02-01-02-24.wav,03,01,08,surprised,02,strong,01,02,24,female,test,48000,1,PCM_16,190590,3.970625
ml/data/raw/ravdess/extracted/Actor_24/03-01-08-02-02-01-24.wav,03-01-08-02-02-01-24.wav,03,01,08,surprised,02,strong,02,01,24,female,test,48000,1,PCM_16,176176,3.670333
ml/data/raw/ravdess/extracted/Actor_24/03-01-08-02-02-02-24.wav,03-01-08-02-02-02-24.wav,03,01,08,surprised,02,strong,02,02,24,female,test,48000,1,PCM_16,174574,3.636958
